Animania,6,https://raw.githubusercontent.com/Dalethium/Convergence/master/mods/common/animania-1.11.2-1.4.7.jar,mod
Auto Reg Lib,1,https://raw.githubusercontent.com/Dalethium/Convergence/master/mods/common/AutoRegLib-1.1-4.jar,mod
Avaritia,1,https://raw.githubusercontent.com/Dalethium/Convergence/master/mods/common/Avaritia-1.11.2-3.1.1.5-universal.jar,mod
Avaritia Tweaks,1,https://raw.githubusercontent.com/Dalethium/Convergence/master/mods/common/AvaritiaTweaks-1.11.2-1.1.jar,mod
Baby Mobs,1,https://raw.githubusercontent.com/Dalethium/Convergence/master/mods/common/BabyMobs-1.11.2-1.5.5.jar,mod
Bailies Dailies,1,https://raw.githubusercontent.com/Dalethium/Convergence/master/mods/common/dailies-1.11.2-6.jar,mod
Bed Bugs,1,https://raw.githubusercontent.com/Dalethium/Convergence/master/mods/common/BedBugs-1.11.2-1.1.7.jar,mod
Better Achievments,3,https://raw.githubusercontent.com/Dalethium/Convergence/master/mods/common/BetterAchievements-1.11.2-0.4.4.21.jar,mod
Better FPS,2,https://raw.githubusercontent.com/Dalethium/Convergence/master/mods/common/BetterFps-1.4.5.jar,mod
Better Questing,2,https://raw.githubusercontent.com/Dalethium/Convergence/master/mods/common/BetterQuesting-2.4.235.jar,mod
Better Sprinting,2,https://raw.githubusercontent.com/Dalethium/Convergence/master/mods/client/BetterSprinting%20%20MC-1.11.2%20%20v1.1.9.jar,mod
BiblioCraft,1,https://raw.githubusercontent.com/Dalethium/Convergence/master/mods/common/BiblioCraft%5Bv2.3.3%5D%5BMC1.11.2%5D.jar,mod
BiblioWoods,1,https://raw.githubusercontent.com/Dalethium/Convergence/master/mods/common/BiblioWoods%5BBiomesOPlenty%5D%5Bv2.0%5D%5BMC1.11.2%5D.jar,mod
Biomes O Plenty,5,https://raw.githubusercontent.com/Dalethium/Convergence/master/mods/common/BiomesOPlenty-1.11.2-6.2.0.2254-universal.jar,mod
Blocklings,1,https://raw.githubusercontent.com/Dalethium/Convergence/master/mods/common/Blocklings+4.1.11+-+1.11.2.jar,mod
Blood Magic,1,https://raw.githubusercontent.com/Dalethium/Convergence/master/mods/common/BloodMagic-1.11-2.1.11-80.jar,mod
Borderless Fullscreen,2,https://raw.githubusercontent.com/Dalethium/Convergence/master/mods/client/FullscreenWindowed-1.10.2-1.5.1.jar,mod
Born In A Barn,1,https://raw.githubusercontent.com/Dalethium/Convergence/master/mods/common/Born+In+A+Barn+V1.8-1.12-1.0.jar,mod
Chicken Chunks,1,https://raw.githubusercontent.com/Dalethium/Convergence/master/mods/common/ChickenChunks-1.11.2-2.3.1.68-universal.jar,mod
Chisels and Bits,3,https://raw.githubusercontent.com/Dalethium/Convergence/master/mods/common/chiselsandbits-13.16.jar,mod
Chunk Animator,1,https://raw.githubusercontent.com/Dalethium/Convergence/master/mods/client/ChunkAnimator-MC1.11-1.2.jar,mod
Code Chicken Lib,2,https://raw.githubusercontent.com/Dalethium/Convergence/master/mods/common/CodeChickenLib-1.11.2-3.0.0.328-universal.jar,mod
Compact Machines,1,https://raw.githubusercontent.com/Dalethium/Convergence/master/mods/common/cm2-1.11.2-2.0.1-b142.jar,mod
Compat,3,https://raw.githubusercontent.com/Dalethium/Convergence/master/mods/common/compatlayer-1.11.2-0.3.1.jar,mod
Compat Pack,2,https://raw.githubusercontent.com/Dalethium/Convergence/master/resources/Compat-Pack.zip,resources
Config,10,https://raw.githubusercontent.com/Dalethium/Convergence/master/resources/config.zip,resources
Controlling,1,https://raw.githubusercontent.com/Dalethium/Convergence/master/mods/client/Controlling-2.0.5.jar,mod
Convergence Resource Pack,2,https://github.com/WeNeedCoffee/Convergence-Resource-Pack/releases/download/v1.1/Convergence-Resource-Pack.zip,resources
CookingForBlockheads,1,https://raw.githubusercontent.com/Dalethium/Convergence/master/mods/common/CookingForBlockheads_1.11.2-5.3.27.jar,mod
Cosmetic Armor,2,https://raw.githubusercontent.com/Dalethium/Convergence/master/mods/common/CosmeticArmorReworked-1.11.2-v1a.jar,mod
CraftStudioAPI,2,https://raw.githubusercontent.com/Dalethium/Convergence/master/mods/common/CraftStudioAPI-universal-0.3.0.86-mc1.11.2-beta.jar,mod
Craft Tweaker,1,https://raw.githubusercontent.com/Dalethium/Convergence/master/mods/common/CraftTweaker-1.11.2-3.0.26.jar,mod
Crayfish Furniture Mod,2,https://raw.githubusercontent.com/Dalethium/Convergence/master/mods/common/furniture-4.1.3-1.11.2.jar,mod
Custom Achievements,1,https://raw.githubusercontent.com/Dalethium/Convergence/master/mods/common/customachievements-1.11.2-0.3.3.jar,mod
Custom Main Menu,1,https://raw.githubusercontent.com/Dalethium/Convergence/master/mods/client/CustomMainMenu-MC1.11.2-2.0.5.jar,mod
Dirt2Path,1,https://raw.githubusercontent.com/Dalethium/Convergence/master/mods/common/dirt2path-1.6.1.jar,mod
Dynamic Surroundings,1,https://raw.githubusercontent.com/Dalethium/Convergence/master/mods/client/DynamicSurroundings-1.11.2-3.4.9.10.jar,mod
Eat The Eggs,1,https://raw.githubusercontent.com/Dalethium/Convergence/master/mods/common/EM3R50N-EatTheEggs-1.11.2-13.20.0.2201.jar,mod
Ender Storage,1,https://raw.githubusercontent.com/Dalethium/Convergence/master/mods/common/EnderStorage-1.11.2-2.3.1.116-universal.jar,mod
Extra Bit,2,https://raw.githubusercontent.com/Dalethium/Convergence/master/mods/common/ExtraBitManipulation-1.11.2-3.2.1.jar,mod
Fairy Lights,3,https://raw.githubusercontent.com/Dalethium/Convergence/master/mods/common/fairylights-2.1.2-1.11.x.jar,mod
Fix MC-2518,1,https://raw.githubusercontent.com/Dalethium/Convergence/master/mods/common/Fix+MC-2518.jar,mod
Foam Fix,5,https://raw.githubusercontent.com/Dalethium/Convergence/master/mods/common/FoamFix-1.11.2-0.7.3-Anarchy.jar,mod
Forgiving Void,1,https://raw.githubusercontent.com/Dalethium/Convergence/master/mods/common/ForgivingVoid_1.11.2-1.0.1.jar,mod
Fps Reducer,1,https://raw.githubusercontent.com/Dalethium/Convergence/master/mods/client/FpsReducer-1.11.2-1.9.jar,mod
FTB Lib,2,https://raw.githubusercontent.com/Dalethium/Convergence/master/mods/common/FTBLib-1.1x-3.6.5.jar,mod
FTB Utilities,2,https://raw.githubusercontent.com/Dalethium/Convergence/master/mods/common/FTBUtilities-1.1x-3.6.5.jar,mod
Graves,2,https://raw.githubusercontent.com/Dalethium/Convergence/master/mods/common/gravestone-1.7.4_.jar,mod
Guide API,1,https://raw.githubusercontent.com/Dalethium/Convergence/master/mods/common/Guide-API-1.11.2-2.1.4-56.jar,mod
Guidebook,1,https://raw.githubusercontent.com/Dalethium/Convergence/master/mods/common/Guidebook-1.11.2-1.7.3.jar,mod
Hopper Ducts,1,https://raw.githubusercontent.com/Dalethium/Convergence/master/mods/common/hopperducts-mc1.11.2-1.4.9.2.jar,mod
Inventory Pets,3,https://raw.githubusercontent.com/Dalethium/Convergence/master/mods/common/inventorypets-1.11.2-1.4.9.9b.jar,mod
Inventory Tweaks,2,https://raw.githubusercontent.com/Dalethium/Convergence/master/mods/common/InventoryTweaks-1.62.jar,mod
Iron Chests,1,https://raw.githubusercontent.com/Dalethium/Convergence/master/mods/common/ironchest-1.11.2-7.0.25.815.jar,mod
JEHC,2,https://raw.githubusercontent.com/Dalethium/Convergence/master/mods/client/jehc-1.11.2-1.3.1.jar,mod
JEI,2,https://raw.githubusercontent.com/Dalethium/Convergence/master/mods/common/jei_1.11.2-4.5.1.296.jar,mod
JEI Block Drops,1,https://raw.githubusercontent.com/Dalethium/Convergence/master/mods/client/blockdrops-1.11.2-1.2.3.jar,mod
JEI Integration,1,https://raw.githubusercontent.com/Dalethium/Convergence/master/mods/client/jeiintegration_1.11.2-1.2.0.21.jar,mod
JEPB,1,https://raw.githubusercontent.com/Dalethium/Convergence/master/mods/client/jepb-1.11.2-1.2.jar,mod
JER,2,https://raw.githubusercontent.com/Dalethium/Convergence/master/mods/client/JustEnoughResources-1.11.2-0.6.6.12.jar,mod
Journey Map,4,https://raw.githubusercontent.com/Dalethium/Convergence/master/mods/common/journeymap-1.11.2-5.5.2.jar,mod
JoyPad,2,https://raw.githubusercontent.com/Dalethium/Convergence/master/mods/client/JoypadMod-1.11-13.19.1.2188.jar,mod
Just A Few Fish,1,https://raw.githubusercontent.com/Dalethium/Convergence/master/mods/common/JustAFewFish-1.6.1_for_1.11.2.jar,mod
Lapis Stays,2,https://raw.githubusercontent.com/Dalethium/Convergence/master/mods/common/EnchantingTable-1.11-1.1.2.jar,mod
Little Things,1,https://raw.githubusercontent.com/Dalethium/Convergence/master/mods/client/itlt-1.11-1.0.0.jar,mod
Lunatrius Core,1,https://raw.githubusercontent.com/Dalethium/Convergence/master/mods/common/LunatriusCore-1.11-1.1.2.39-universal.jar,mod
Mantle,1,https://raw.githubusercontent.com/Dalethium/Convergence/master/mods/common/Mantle-1.11.2-1.2.0.26.jar,mod
Mnmutils,1,https://raw.githubusercontent.com/Dalethium/Convergence/master/mods/client/lib-mnmutils-1.2.6-mc1.11.2.litemod,mod
NBT Edit,2,https://raw.githubusercontent.com/Dalethium/Convergence/master/mods/common/NBTEdit-0.5.jar,mod
Neat,1,https://raw.githubusercontent.com/Dalethium/Convergence/master/mods/client/Neat%201.4-13.jar,mod
Open Blocks,1,https://raw.githubusercontent.com/Dalethium/Convergence/master/mods/common/OpenBlocks-1.11.2-1.7.4.jar,mod
Open Computers,1,https://raw.githubusercontent.com/Dalethium/Convergence/master/mods/common/OpenComputers-MC1.11.2-1.7.2.97.jar,mod
Open Mods,1,https://raw.githubusercontent.com/Dalethium/Convergence/master/mods/common/OpenModsLib-1.11.2-0.11.4.jar,mod
Open Radio,1,https://raw.githubusercontent.com/Dalethium/Convergence/master/mods/common/OpenRadio-0.9.5-MC1.11.2.jar,mod
Optifine,4,https://raw.githubusercontent.com/Dalethium/Convergence/master/mods/client/OptiFine_1.11.2_HD_U_C7.jar,mod
Pam's HarvestCraft,2,https://raw.githubusercontent.com/Dalethium/Convergence/master/mods/common/Pam%27s%20HarvestCraft%201.11.2h.jar,mod
Pam's Seeds,1,https://raw.githubusercontent.com/Dalethium/Convergence/master/mods/common/Pam's%20Get%20all%20the%20Seeds!%201.11a.jar,mod
Placeable Items,2,https://raw.githubusercontent.com/Dalethium/Convergence/master/mods/common/placeableitems-3.0.4.1.jar,mod
Quark,3,https://raw.githubusercontent.com/Dalethium/Convergence/master/mods/common/Quark-r1.2-93b.jar,mod
Refined Relocation,1,https://raw.githubusercontent.com/Dalethium/Convergence/master/mods/common/RefinedRelocation-mc1.11.2-3.1.15.jar,mod
Reliquary,1,https://raw.githubusercontent.com/Dalethium/Convergence/master/mods/common/Reliquary-1.11.2-1.3.4.678.jar,mod
Reptiles,2,https://raw.githubusercontent.com/Dalethium/Convergence/master/mods/common/reptilemod-1.11.2-3.6.2-68.jar,mod
Roots,1,https://raw.githubusercontent.com/Dalethium/Convergence/master/mods/common/roots-2-0.025.jar,mod
Rustic,3,https://raw.githubusercontent.com/Dalethium/Convergence/master/mods/common/rustic-0.3.13.jar,mod
Secret Rooms,1,https://raw.githubusercontent.com/Dalethium/Convergence/master/mods/common/secretroomsmod-1.11.2-5.1.9.jar,mod
Shulker Box,4,https://raw.githubusercontent.com/Dalethium/Convergence/master/mods/common/shulkerbox-1.1.2.jar,mod
Stackie,1,https://raw.githubusercontent.com/Dalethium/Convergence/master/mods/common/Stackie-1.11-1.6.0.45-universal.jar,mod
Standard Expansion,1,https://raw.githubusercontent.com/Dalethium/Convergence/master/mods/common/StandardExpansion-2.4.132.jar,mod
TabbyChat,1,https://raw.githubusercontent.com/Dalethium/Convergence/master/mods/client/mod-tabbychat-2-2.1.6-mc1.11.2.litemod,mod
Tinkers Construct,1,https://raw.githubusercontent.com/Dalethium/Convergence/master/mods/common/TConstruct-1.11.2-2.7.1.34.jar,mod
Tinker Tool Leveling,1,https://raw.githubusercontent.com/Dalethium/Convergence/master/mods/common/TinkerToolLeveling-1.11.2-1.0.1.jar,mod
Tiny Progressions,1,https://raw.githubusercontent.com/Dalethium/Convergence/master/mods/common/tinyprogressions-1.11.2-2.2.4.jar,mod
Tough As Nails,2,https://raw.githubusercontent.com/Dalethium/Convergence/master/mods/common/ToughAsNails-1.11.2-2.1.1-C-universal.jar,mod
Tumble Weed,3,https://raw.githubusercontent.com/Dalethium/Convergence/master/mods/common/tumbleweed-1.11-0.4.4.jar,mod
Villager Market,1,https://raw.githubusercontent.com/Dalethium/Convergence/master/mods/common/villagermarket-0.2-HF.jar,mod
Waddles,3,https://raw.githubusercontent.com/Dalethium/Convergence/master/mods/common/Waddles-1.11.2-0.5.5.jar,mod
Waystones,3,https://raw.githubusercontent.com/Dalethium/Convergence/master/mods/common/Waystones_1.11.2-3.0.17.jar,mod
Wearable Backpacks,2,https://raw.githubusercontent.com/Dalethium/Convergence/master/mods/common/WearableBackpacks-1.11.2-2.5.0.jar,mod
Web Shooter,2,https://raw.githubusercontent.com/Dalethium/Convergence/master/mods/common/webshooter-1.11-1.0.2.jar,mod
