/config/Additional Structures - General.cfg,1,https://raw.githubusercontent.com/Dalethium/Convergence/master/config/Additional%20Structures%20-%20General.cfg,client
/config/Additional Structures - Structures.cfg,1,https://raw.githubusercontent.com/Dalethium/Convergence/master/config/Additional%20Structures%20-%20Structures.cfg,client
/config/ChickenChunks.cfg,3,https://raw.githubusercontent.com/Dalethium/Convergence/master/config/ChickenChunks.cfg,client
/config/CustomMainMenu/mainmenu.json,3,https://raw.githubusercontent.com/Dalethium/Convergence/master/config/CustomMainMenu/mainmenu.json,client
/config/DLDungeonsJBG/BlockFamilies/crumbling_walls1.json,2,https://raw.githubusercontent.com/Dalethium/Convergence/master/config/DLDungeonsJBG/BlockFamilies/crumbling_walls1.json,client
/config/DLDungeonsJBG/BlockFamilies/crumbling_walls2.json,2,https://raw.githubusercontent.com/Dalethium/Convergence/master/config/DLDungeonsJBG/BlockFamilies/crumbling_walls2.json,client
/config/DLDungeonsJBG/BlockFamilies/mixedbricks1.json,2,https://raw.githubusercontent.com/Dalethium/Convergence/master/config/DLDungeonsJBG/BlockFamilies/mixedbricks1.json,client
/config/DLDungeonsJBG/BlockFamilies/mixedbricks2.json,2,https://raw.githubusercontent.com/Dalethium/Convergence/master/config/DLDungeonsJBG/BlockFamilies/mixedbricks2.json,client
/config/DLDungeonsJBG/BlockFamilies/mixedbricks3.json,2,https://raw.githubusercontent.com/Dalethium/Convergence/master/config/DLDungeonsJBG/BlockFamilies/mixedbricks3.json,client
/config/DLDungeonsJBG/BlockFamilies/mixedcobble.json,2,https://raw.githubusercontent.com/Dalethium/Convergence/master/config/DLDungeonsJBG/BlockFamilies/mixedcobble.json,client
/config/DLDungeonsJBG/DLDungeonsJBG.cfg,3,https://raw.githubusercontent.com/Dalethium/Convergence/master/config/DLDungeonsJBG/DLDungeonsJBG.cfg,client
/config/DLDungeonsJBG/SpecialChests/oceanic_chests.cfg,2,https://raw.githubusercontent.com/Dalethium/Convergence/master/config/DLDungeonsJBG/SpecialChests/oceanic_chests.cfg,client
/config/DLDungeonsJBG/chests.cfg,2,https://raw.githubusercontent.com/Dalethium/Convergence/master/config/DLDungeonsJBG/chests.cfg,client
/config/DLDungeonsJBG/nbt.cfg,2,https://raw.githubusercontent.com/Dalethium/Convergence/master/config/DLDungeonsJBG/nbt.cfg,client
/config/DLDungeonsJBG/themes/continentalShelf.cfg,2,https://raw.githubusercontent.com/Dalethium/Convergence/master/config/DLDungeonsJBG/themes/continentalShelf.cfg,client
/config/DLDungeonsJBG/themes/dank.cfg,2,https://raw.githubusercontent.com/Dalethium/Convergence/master/config/DLDungeonsJBG/themes/dank.cfg,client
/config/DLDungeonsJBG/themes/frozen.cfg,2,https://raw.githubusercontent.com/Dalethium/Convergence/master/config/DLDungeonsJBG/themes/frozen.cfg,client
/config/DLDungeonsJBG/themes/nether.cfg,2,https://raw.githubusercontent.com/Dalethium/Convergence/master/config/DLDungeonsJBG/themes/nether.cfg,client
/config/DLDungeonsJBG/themes/oceanic.cfg,2,https://raw.githubusercontent.com/Dalethium/Convergence/master/config/DLDungeonsJBG/themes/oceanic.cfg,client
/config/DLDungeonsJBG/themes/template.cfg,2,https://raw.githubusercontent.com/Dalethium/Convergence/master/config/DLDungeonsJBG/themes/template.cfg,client
/config/DLDungeonsJBG/themes/urban.cfg,2,https://raw.githubusercontent.com/Dalethium/Convergence/master/config/DLDungeonsJBG/themes/urban.cfg,client
/config/DLDungeonsJBG/themes/villagelike.cfg,2,https://raw.githubusercontent.com/Dalethium/Convergence/master/config/DLDungeonsJBG/themes/villagelike.cfg,client
/config/DLDungeonsJBG/themes/volcanic.cfg,2,https://raw.githubusercontent.com/Dalethium/Convergence/master/config/DLDungeonsJBG/themes/volcanic.cfg,client
/config/GeographiCraft/CCDimensions.cfg,3,https://raw.githubusercontent.com/Dalethium/Convergence/master/config/GeographiCraft/CCDimensions.cfg,client
/config/GeographiCraft/biomesoplentyInCC.cfg,3,https://raw.githubusercontent.com/Dalethium/Convergence/master/config/GeographiCraft/biomesoplentyInCC.cfg,client
/config/GeographiCraft/geographicraft.cfg,3,https://raw.githubusercontent.com/Dalethium/Convergence/master/config/GeographiCraft/geographicraft.cfg,client
/config/GraveStoneMod/GraveStone.cfg,3,https://raw.githubusercontent.com/Dalethium/Convergence/master/config/GraveStoneMod/GraveStone.cfg,client
/config/InGameTimer.cfg,3,https://raw.githubusercontent.com/Dalethium/Convergence/master/config/InGameTimer.cfg,client
/config/InfinityItemEditor.cfg,3,https://raw.githubusercontent.com/Dalethium/Convergence/master/config/InfinityItemEditor.cfg,client
/config/InvTweaks/InvTweaks.cfg,8,https://raw.githubusercontent.com/Dalethium/Convergence/master/config/InvTweaks/InvTweaks.cfg,client
/config/InvTweaks/InvTweaksRules.txt,1,https://raw.githubusercontent.com/Dalethium/Convergence/master/config/InvTweaks/InvTweaksRules.txt,client
/config/InvTweaks/InvTweaksTree.txt,1,https://raw.githubusercontent.com/Dalethium/Convergence/master/config/InvTweaks/InvTweaksTree.txt,client
/config/InvTweaks/trees/readme.txt,1,https://raw.githubusercontent.com/Dalethium/Convergence/master/config/InvTweaks/trees/readme.txt,client
/config/KeepingInventory.cfg,3,https://raw.githubusercontent.com/Dalethium/Convergence/master/config/KeepingInventory.cfg,client
/config/LLOverlayReloaded.cfg,3,https://raw.githubusercontent.com/Dalethium/Convergence/master/config/LLOverlayReloaded.cfg,client
/config/LagGoggles-client.cfg,3,https://raw.githubusercontent.com/Dalethium/Convergence/master/config/LagGoggles-client.cfg,client
/config/LagGoggles-server.cfg,3,https://raw.githubusercontent.com/Dalethium/Convergence/master/config/LagGoggles-server.cfg,client
/config/LaunchGui.cfg,3,https://raw.githubusercontent.com/Dalethium/Convergence/master/config/LaunchGui.cfg,client
/config/LegibleNei/LegibleNei.cfg,2,https://raw.githubusercontent.com/Dalethium/Convergence/master/config/LegibleNei/LegibleNei.cfg,client
/config/LegibleNei/LegibleNei.json,2,https://raw.githubusercontent.com/Dalethium/Convergence/master/config/LegibleNei/LegibleNei.json,client
/config/LegibleNei/LegibleNei.log,9,https://raw.githubusercontent.com/Dalethium/Convergence/master/config/LegibleNei/LegibleNei.log,client
/config/LegibleNei/filters/Bibliocraft.json,2,https://raw.githubusercontent.com/Dalethium/Convergence/master/config/LegibleNei/filters/Bibliocraft.json,client
/config/LegibleNei/filters/BloodMagic.json,2,https://raw.githubusercontent.com/Dalethium/Convergence/master/config/LegibleNei/filters/BloodMagic.json,client
/config/LegibleNei/filters/Botania.json,2,https://raw.githubusercontent.com/Dalethium/Convergence/master/config/LegibleNei/filters/Botania.json,client
/config/LegibleNei/filters/Chisel.json,2,https://raw.githubusercontent.com/Dalethium/Convergence/master/config/LegibleNei/filters/Chisel.json,client
/config/LegibleNei/filters/EnderIO.json,2,https://raw.githubusercontent.com/Dalethium/Convergence/master/config/LegibleNei/filters/EnderIO.json,client
/config/LegibleNei/filters/Extrautilities.json,2,https://raw.githubusercontent.com/Dalethium/Convergence/master/config/LegibleNei/filters/Extrautilities.json,client
/config/LegibleNei/filters/Forestry.json,2,https://raw.githubusercontent.com/Dalethium/Convergence/master/config/LegibleNei/filters/Forestry.json,client
/config/LegibleNei/filters/Gendustry.json,2,https://raw.githubusercontent.com/Dalethium/Convergence/master/config/LegibleNei/filters/Gendustry.json,client
/config/LegibleNei/filters/Harvest.json,2,https://raw.githubusercontent.com/Dalethium/Convergence/master/config/LegibleNei/filters/Harvest.json,client
/config/LegibleNei/filters/IC2.json,2,https://raw.githubusercontent.com/Dalethium/Convergence/master/config/LegibleNei/filters/IC2.json,client
/config/LegibleNei/filters/Mekanism.json,2,https://raw.githubusercontent.com/Dalethium/Convergence/master/config/LegibleNei/filters/Mekanism.json,client
/config/LegibleNei/filters/MysticalAgriculture.json,2,https://raw.githubusercontent.com/Dalethium/Convergence/master/config/LegibleNei/filters/MysticalAgriculture.json,client
/config/LegibleNei/filters/Nuclearcraft.json,2,https://raw.githubusercontent.com/Dalethium/Convergence/master/config/LegibleNei/filters/Nuclearcraft.json,client
/config/LegibleNei/filters/Openblocks.json,2,https://raw.githubusercontent.com/Dalethium/Convergence/master/config/LegibleNei/filters/Openblocks.json,client
/config/LegibleNei/filters/Psionics.json,2,https://raw.githubusercontent.com/Dalethium/Convergence/master/config/LegibleNei/filters/Psionics.json,client
/config/LegibleNei/filters/RailCraft.json,2,https://raw.githubusercontent.com/Dalethium/Convergence/master/config/LegibleNei/filters/RailCraft.json,client
/config/LegibleNei/filters/ReccurentComplex.json,2,https://raw.githubusercontent.com/Dalethium/Convergence/master/config/LegibleNei/filters/ReccurentComplex.json,client
/config/LegibleNei/filters/Reliquary.json,2,https://raw.githubusercontent.com/Dalethium/Convergence/master/config/LegibleNei/filters/Reliquary.json,client
/config/LegibleNei/filters/StrorageDrawers.json,2,https://raw.githubusercontent.com/Dalethium/Convergence/master/config/LegibleNei/filters/StrorageDrawers.json,client
/config/LegibleNei/filters/TechReborn.json,2,https://raw.githubusercontent.com/Dalethium/Convergence/master/config/LegibleNei/filters/TechReborn.json,client
/config/LegibleNei/filters/Thermal.json,2,https://raw.githubusercontent.com/Dalethium/Convergence/master/config/LegibleNei/filters/Thermal.json,client
/config/LegibleNei/filters/Tinker.json,2,https://raw.githubusercontent.com/Dalethium/Convergence/master/config/LegibleNei/filters/Tinker.json,client
/config/LegibleNei/filters/WtfCore.json,2,https://raw.githubusercontent.com/Dalethium/Convergence/master/config/LegibleNei/filters/WtfCore.json,client
/config/LegibleNei/filters/abyssalcraft.json,2,https://raw.githubusercontent.com/Dalethium/Convergence/master/config/LegibleNei/filters/abyssalcraft.json,client
/config/Mapmaker's Gadgets/options.cfg,3,https://raw.githubusercontent.com/Dalethium/Convergence/master/config/Mapmaker%27s%20Gadgets/options.cfg,client
/config/MoreOverlays.cfg,2,https://raw.githubusercontent.com/Dalethium/Convergence/master/config/MoreOverlays.cfg,client
/config/Netherending Ores.cfg,2,https://raw.githubusercontent.com/Dalethium/Convergence/master/config/Netherending%20Ores.cfg,client
/config/NoMobSpawningOnTrees.cfg,3,https://raw.githubusercontent.com/Dalethium/Convergence/master/config/NoMobSpawningOnTrees.cfg,client
/config/OpenEye.json,1,https://raw.githubusercontent.com/Dalethium/Convergence/master/config/OpenEye.json,client
/config/PeripheralsPlusPlus.cfg,1,https://raw.githubusercontent.com/Dalethium/Convergence/master/config/PeripheralsPlusPlus.cfg,client
/config/PluginMetrics.cfg,2,https://raw.githubusercontent.com/Dalethium/Convergence/master/config/PluginMetrics.cfg,client
/config/Stacksize.cfg,2,https://raw.githubusercontent.com/Dalethium/Convergence/master/config/Stacksize.cfg,client
/config/SugiForest.cfg,2,https://raw.githubusercontent.com/Dalethium/Convergence/master/config/SugiForest.cfg,client
/config/Tiny Progressions/Armor.cfg,2,https://raw.githubusercontent.com/Dalethium/Convergence/master/config/Tiny%20Progressions/Armor.cfg,client
/config/Tiny Progressions/Extras.cfg,2,https://raw.githubusercontent.com/Dalethium/Convergence/master/config/Tiny%20Progressions/Extras.cfg,client
/config/Tiny Progressions/Food & Drinks.cfg,2,https://raw.githubusercontent.com/Dalethium/Convergence/master/config/Tiny%20Progressions/Food%20%26%20Drinks.cfg,client
/config/Tiny Progressions/Main.cfg,2,https://raw.githubusercontent.com/Dalethium/Convergence/master/config/Tiny%20Progressions/Main.cfg,client
/config/Tiny Progressions/Ores.cfg,2,https://raw.githubusercontent.com/Dalethium/Convergence/master/config/Tiny%20Progressions/Ores.cfg,client
/config/Tiny Progressions/Reborn.cfg,2,https://raw.githubusercontent.com/Dalethium/Convergence/master/config/Tiny%20Progressions/Reborn.cfg,client
/config/Tiny Progressions/Supporters.cfg,2,https://raw.githubusercontent.com/Dalethium/Convergence/master/config/Tiny%20Progressions/Supporters.cfg,client
/config/Tiny Progressions/Tools & Weapons.cfg,2,https://raw.githubusercontent.com/Dalethium/Convergence/master/config/Tiny%20Progressions/Tools%20%26%20Weapons.cfg,client
/config/VanillaTweaks/Content.cfg,2,https://raw.githubusercontent.com/Dalethium/Convergence/master/config/VanillaTweaks/Content.cfg,client
/config/VanillaTweaks/Crafting.cfg,2,https://raw.githubusercontent.com/Dalethium/Convergence/master/config/VanillaTweaks/Crafting.cfg,client
/config/VanillaTweaks/Enchanting.cfg,2,https://raw.githubusercontent.com/Dalethium/Convergence/master/config/VanillaTweaks/Enchanting.cfg,client
/config/VanillaTweaks/Loot.cfg,2,https://raw.githubusercontent.com/Dalethium/Convergence/master/config/VanillaTweaks/Loot.cfg,client
/config/VanillaTweaks/Tweaks.cfg,2,https://raw.githubusercontent.com/Dalethium/Convergence/master/config/VanillaTweaks/Tweaks.cfg,client
/config/VanillaTweaks/World.cfg,2,https://raw.githubusercontent.com/Dalethium/Convergence/master/config/VanillaTweaks/World.cfg,client
/config/VillageNames3/general.cfg,2,https://raw.githubusercontent.com/Dalethium/Convergence/master/config/VillageNames3/general.cfg,client
/config/VillageNames3/namepieces_alien.cfg,2,https://raw.githubusercontent.com/Dalethium/Convergence/master/config/VillageNames3/namepieces_alien.cfg,client
/config/VillageNames3/namepieces_alienvillage.cfg,2,https://raw.githubusercontent.com/Dalethium/Convergence/master/config/VillageNames3/namepieces_alienvillage.cfg,client
/config/VillageNames3/namepieces_angel.cfg,2,https://raw.githubusercontent.com/Dalethium/Convergence/master/config/VillageNames3/namepieces_angel.cfg,client
/config/VillageNames3/namepieces_custom.cfg,2,https://raw.githubusercontent.com/Dalethium/Convergence/master/config/VillageNames3/namepieces_custom.cfg,client
/config/VillageNames3/namepieces_demon.cfg,2,https://raw.githubusercontent.com/Dalethium/Convergence/master/config/VillageNames3/namepieces_demon.cfg,client
/config/VillageNames3/namepieces_dragon.cfg,2,https://raw.githubusercontent.com/Dalethium/Convergence/master/config/VillageNames3/namepieces_dragon.cfg,client
/config/VillageNames3/namepieces_endcity.cfg,2,https://raw.githubusercontent.com/Dalethium/Convergence/master/config/VillageNames3/namepieces_endcity.cfg,client
/config/VillageNames3/namepieces_fortress.cfg,2,https://raw.githubusercontent.com/Dalethium/Convergence/master/config/VillageNames3/namepieces_fortress.cfg,client
/config/VillageNames3/namepieces_goblin.cfg,2,https://raw.githubusercontent.com/Dalethium/Convergence/master/config/VillageNames3/namepieces_goblin.cfg,client
/config/VillageNames3/namepieces_golem.cfg,2,https://raw.githubusercontent.com/Dalethium/Convergence/master/config/VillageNames3/namepieces_golem.cfg,client
/config/VillageNames3/namepieces_mansion.cfg,2,https://raw.githubusercontent.com/Dalethium/Convergence/master/config/VillageNames3/namepieces_mansion.cfg,client
/config/VillageNames3/namepieces_mineshaft.cfg,2,https://raw.githubusercontent.com/Dalethium/Convergence/master/config/VillageNames3/namepieces_mineshaft.cfg,client
/config/VillageNames3/namepieces_monument.cfg,2,https://raw.githubusercontent.com/Dalethium/Convergence/master/config/VillageNames3/namepieces_monument.cfg,client
/config/VillageNames3/namepieces_stronghold.cfg,2,https://raw.githubusercontent.com/Dalethium/Convergence/master/config/VillageNames3/namepieces_stronghold.cfg,client
/config/VillageNames3/namepieces_temple.cfg,1,https://raw.githubusercontent.com/Dalethium/Convergence/master/config/VillageNames3/namepieces_temple.cfg,client
/config/VillageNames3/namepieces_village.cfg,2,https://raw.githubusercontent.com/Dalethium/Convergence/master/config/VillageNames3/namepieces_village.cfg,client
/config/VillageNames3/namepieces_villager.cfg,2,https://raw.githubusercontent.com/Dalethium/Convergence/master/config/VillageNames3/namepieces_villager.cfg,client
/config/Waystones.cfg,3,https://raw.githubusercontent.com/Dalethium/Convergence/master/config/Waystones.cfg,client
/config/acronym/base/General.cfg,3,https://raw.githubusercontent.com/Dalethium/Convergence/master/config/acronym/base/General.cfg,client
/config/acronym/contenttweaker/General.cfg,3,https://raw.githubusercontent.com/Dalethium/Convergence/master/config/acronym/contenttweaker/General.cfg,client
/config/acronym/material_system.cfg,3,https://raw.githubusercontent.com/Dalethium/Convergence/master/config/acronym/material_system.cfg,client
/config/acronym/saved/material_parts_contenttweaker-original.json,1,https://raw.githubusercontent.com/Dalethium/Convergence/master/config/acronym/saved/material_parts_contenttweaker-original.json,client
/config/acronym/saved/material_parts_contenttweaker.json,1,https://raw.githubusercontent.com/Dalethium/Convergence/master/config/acronym/saved/material_parts_contenttweaker.json,client
/config/acronym/saved/saved_sub_blocks_contenttweaker-original.json,1,https://raw.githubusercontent.com/Dalethium/Convergence/master/config/acronym/saved/saved_sub_blocks_contenttweaker-original.json,client
/config/acronym/saved/saved_sub_blocks_contenttweaker.json,1,https://raw.githubusercontent.com/Dalethium/Convergence/master/config/acronym/saved/saved_sub_blocks_contenttweaker.json,client
/config/additionalcompression.cfg,2,https://raw.githubusercontent.com/Dalethium/Convergence/master/config/additionalcompression.cfg,client
/config/adventurepack.cfg,3,https://raw.githubusercontent.com/Dalethium/Convergence/master/config/adventurepack.cfg,client
/config/alt.cfg,3,https://raw.githubusercontent.com/Dalethium/Convergence/master/config/alt.cfg,client
/config/angermanagement.cfg,3,https://raw.githubusercontent.com/Dalethium/Convergence/master/config/angermanagement.cfg,client
/config/anvilpatch.cfg,3,https://raw.githubusercontent.com/Dalethium/Convergence/master/config/anvilpatch.cfg,client
/config/appleskin.cfg,2,https://raw.githubusercontent.com/Dalethium/Convergence/master/config/appleskin.cfg,client
/config/asielib.cfg,1,https://raw.githubusercontent.com/Dalethium/Convergence/master/config/asielib.cfg,client
/config/attributefix.cfg,2,https://raw.githubusercontent.com/Dalethium/Convergence/master/config/attributefix.cfg,client
/config/badmobs.cfg,2,https://raw.githubusercontent.com/Dalethium/Convergence/master/config/badmobs.cfg,client
/config/baubles.cfg,3,https://raw.githubusercontent.com/Dalethium/Convergence/master/config/baubles.cfg,client
/config/bbm/AI_Improvements.cfg,3,https://raw.githubusercontent.com/Dalethium/Convergence/master/config/bbm/AI_Improvements.cfg,client
/config/beneath/beneath.cfg,2,https://raw.githubusercontent.com/Dalethium/Convergence/master/config/beneath/beneath.cfg,client
/config/beneath/blockdeco.json,1,https://raw.githubusercontent.com/Dalethium/Convergence/master/config/beneath/blockdeco.json,client
/config/beneath/oregen.json,1,https://raw.githubusercontent.com/Dalethium/Convergence/master/config/beneath/oregen.json,client
/config/betteradvancements/betteradvancements.cfg,2,https://raw.githubusercontent.com/Dalethium/Convergence/master/config/betteradvancements/betteradvancements.cfg,client
/config/bettercompass.cfg,3,https://raw.githubusercontent.com/Dalethium/Convergence/master/config/bettercompass.cfg,client
/config/betterfps.json,2,https://raw.githubusercontent.com/Dalethium/Convergence/master/config/betterfps.json,client
/config/bettermobgriefinggamerule.cfg,3,https://raw.githubusercontent.com/Dalethium/Convergence/master/config/bettermobgriefinggamerule.cfg,client
/config/bettersprinting.cfg,3,https://raw.githubusercontent.com/Dalethium/Convergence/master/config/bettersprinting.cfg,client
/config/bibliocraft.cfg,3,https://raw.githubusercontent.com/Dalethium/Convergence/master/config/bibliocraft.cfg,client
/config/bookshelf.cfg,2,https://raw.githubusercontent.com/Dalethium/Convergence/master/config/bookshelf.cfg,client
/config/capsule.cfg,2,https://raw.githubusercontent.com/Dalethium/Convergence/master/config/capsule.cfg,client
/config/capsule/blueprint_whitelist.json,2,https://raw.githubusercontent.com/Dalethium/Convergence/master/config/capsule/blueprint_whitelist.json,client
/config/capsule/loot/common/_common_crazy_ore.nbt,1,https://raw.githubusercontent.com/Dalethium/Convergence/master/config/capsule/loot/common/_common_crazy_ore.nbt,client
/config/capsule/loot/common/_common_enclosed_wheat_farm.nbt,1,https://raw.githubusercontent.com/Dalethium/Convergence/master/config/capsule/loot/common/_common_enclosed_wheat_farm.nbt,client
/config/capsule/loot/common/_common_farm_plot.nbt,1,https://raw.githubusercontent.com/Dalethium/Convergence/master/config/capsule/loot/common/_common_farm_plot.nbt,client
/config/capsule/loot/common/_common_small_farm_plot.nbt,1,https://raw.githubusercontent.com/Dalethium/Convergence/master/config/capsule/loot/common/_common_small_farm_plot.nbt,client
/config/capsule/loot/common/common_beeeeeh_!.nbt,1,https://raw.githubusercontent.com/Dalethium/Convergence/master/config/capsule/loot/common/common_beeeeeh_%21.nbt,client
/config/capsule/loot/common/common_capsule_knowledge.nbt,1,https://raw.githubusercontent.com/Dalethium/Convergence/master/config/capsule/loot/common/common_capsule_knowledge.nbt,client
/config/capsule/loot/common/common_capsule_protection.nbt,1,https://raw.githubusercontent.com/Dalethium/Convergence/master/config/capsule/loot/common/common_capsule_protection.nbt,client
/config/capsule/loot/common/common_darkcobble_corner.nbt,1,https://raw.githubusercontent.com/Dalethium/Convergence/master/config/capsule/loot/common/common_darkcobble_corner.nbt,client
/config/capsule/loot/common/common_darkcobble_wall.nbt,1,https://raw.githubusercontent.com/Dalethium/Convergence/master/config/capsule/loot/common/common_darkcobble_wall.nbt,client
/config/capsule/loot/common/common_lamp_high_wood.nbt,1,https://raw.githubusercontent.com/Dalethium/Convergence/master/config/capsule/loot/common/common_lamp_high_wood.nbt,client
/config/capsule/loot/common/common_lamp_light_wood.nbt,1,https://raw.githubusercontent.com/Dalethium/Convergence/master/config/capsule/loot/common/common_lamp_light_wood.nbt,client
/config/capsule/loot/common/common_lamp_low_wood.nbt,1,https://raw.githubusercontent.com/Dalethium/Convergence/master/config/capsule/loot/common/common_lamp_low_wood.nbt,client
/config/capsule/loot/common/common_small_villager_house.nbt,1,https://raw.githubusercontent.com/Dalethium/Convergence/master/config/capsule/loot/common/common_small_villager_house.nbt,client
/config/capsule/loot/common/common_waystone_cobble.nbt,1,https://raw.githubusercontent.com/Dalethium/Convergence/master/config/capsule/loot/common/common_waystone_cobble.nbt,client
/config/capsule/loot/common/common_waystone_smooth.nbt,1,https://raw.githubusercontent.com/Dalethium/Convergence/master/config/capsule/loot/common/common_waystone_smooth.nbt,client
/config/capsule/loot/common/common_well_stonebrick.nbt,1,https://raw.githubusercontent.com/Dalethium/Convergence/master/config/capsule/loot/common/common_well_stonebrick.nbt,client
/config/capsule/loot/common/common_well_wood.nbt,1,https://raw.githubusercontent.com/Dalethium/Convergence/master/config/capsule/loot/common/common_well_wood.nbt,client
/config/capsule/loot/rare/_rare_farm_plot.nbt,1,https://raw.githubusercontent.com/Dalethium/Convergence/master/config/capsule/loot/rare/_rare_farm_plot.nbt,client
/config/capsule/loot/rare/_rare_large_ore_reward.nbt,1,https://raw.githubusercontent.com/Dalethium/Convergence/master/config/capsule/loot/rare/_rare_large_ore_reward.nbt,client
/config/capsule/loot/rare/rare_castle_kit_(with_manual).nbt,1,https://raw.githubusercontent.com/Dalethium/Convergence/master/config/capsule/loot/rare/rare_castle_kit_%28with_manual%29.nbt,client
/config/capsule/loot/rare/rare_walk_for_your_lives!.nbt,1,https://raw.githubusercontent.com/Dalethium/Convergence/master/config/capsule/loot/rare/rare_walk_for_your_lives%21.nbt,client
/config/capsule/loot/uncommon/_uncommon_country_house.nbt,1,https://raw.githubusercontent.com/Dalethium/Convergence/master/config/capsule/loot/uncommon/_uncommon_country_house.nbt,client
/config/capsule/loot/uncommon/_uncommon_crazy_ore.nbt,1,https://raw.githubusercontent.com/Dalethium/Convergence/master/config/capsule/loot/uncommon/_uncommon_crazy_ore.nbt,client
/config/capsule/loot/uncommon/_uncommon_enclosed_nether_farm.nbt,1,https://raw.githubusercontent.com/Dalethium/Convergence/master/config/capsule/loot/uncommon/_uncommon_enclosed_nether_farm.nbt,client
/config/capsule/loot/uncommon/uncommon_capsule_protection.nbt,1,https://raw.githubusercontent.com/Dalethium/Convergence/master/config/capsule/loot/uncommon/uncommon_capsule_protection.nbt,client
/config/capsule/loot/uncommon/uncommon_darkcobble_corner_tower.nbt,1,https://raw.githubusercontent.com/Dalethium/Convergence/master/config/capsule/loot/uncommon/uncommon_darkcobble_corner_tower.nbt,client
/config/capsule/loot/uncommon/uncommon_darkcobble_corner_tower_top.nbt,1,https://raw.githubusercontent.com/Dalethium/Convergence/master/config/capsule/loot/uncommon/uncommon_darkcobble_corner_tower_top.nbt,client
/config/capsule/loot/uncommon/uncommon_darkcobble_gate.nbt,1,https://raw.githubusercontent.com/Dalethium/Convergence/master/config/capsule/loot/uncommon/uncommon_darkcobble_gate.nbt,client
/config/capsule/loot/uncommon/uncommon_lamp_heavy.nbt,1,https://raw.githubusercontent.com/Dalethium/Convergence/master/config/capsule/loot/uncommon/uncommon_lamp_heavy.nbt,client
/config/capsule/loot/uncommon/uncommon_lamp_high.nbt,1,https://raw.githubusercontent.com/Dalethium/Convergence/master/config/capsule/loot/uncommon/uncommon_lamp_high.nbt,client
/config/capsule/loot/uncommon/uncommon_new_savan_mob_confirmed!.nbt,1,https://raw.githubusercontent.com/Dalethium/Convergence/master/config/capsule/loot/uncommon/uncommon_new_savan_mob_confirmed%21.nbt,client
/config/capsule/loot/uncommon/uncommon_village_bookstore.nbt,1,https://raw.githubusercontent.com/Dalethium/Convergence/master/config/capsule/loot/uncommon/uncommon_village_bookstore.nbt,client
/config/capsule/loot/uncommon/uncommon_waystone_nether.nbt,1,https://raw.githubusercontent.com/Dalethium/Convergence/master/config/capsule/loot/uncommon/uncommon_waystone_nether.nbt,client
/config/capsule/loot/uncommon/uncommon_well_darkoak.nbt,1,https://raw.githubusercontent.com/Dalethium/Convergence/master/config/capsule/loot/uncommon/uncommon_well_darkoak.nbt,client
/config/capsule/prefabs/chicken_cooker.nbt,1,https://raw.githubusercontent.com/Dalethium/Convergence/master/config/capsule/prefabs/chicken_cooker.nbt,client
/config/capsule/prefabs/darkcobble_corner.nbt,1,https://raw.githubusercontent.com/Dalethium/Convergence/master/config/capsule/prefabs/darkcobble_corner.nbt,client
/config/capsule/prefabs/darkcobble_corner_tower.nbt,1,https://raw.githubusercontent.com/Dalethium/Convergence/master/config/capsule/prefabs/darkcobble_corner_tower.nbt,client
/config/capsule/prefabs/darkcobble_corner_tower_top.nbt,1,https://raw.githubusercontent.com/Dalethium/Convergence/master/config/capsule/prefabs/darkcobble_corner_tower_top.nbt,client
/config/capsule/prefabs/darkcobble_gate.nbt,1,https://raw.githubusercontent.com/Dalethium/Convergence/master/config/capsule/prefabs/darkcobble_gate.nbt,client
/config/capsule/prefabs/darkcobble_wall.nbt,1,https://raw.githubusercontent.com/Dalethium/Convergence/master/config/capsule/prefabs/darkcobble_wall.nbt,client
/config/capsule/prefabs/immersiveengineering/ie-alloysmelter.nbt,1,https://raw.githubusercontent.com/Dalethium/Convergence/master/config/capsule/prefabs/immersiveengineering/ie-alloysmelter.nbt,client
/config/capsule/prefabs/immersiveengineering/ie-arcfurnace.nbt,1,https://raw.githubusercontent.com/Dalethium/Convergence/master/config/capsule/prefabs/immersiveengineering/ie-arcfurnace.nbt,client
/config/capsule/prefabs/immersiveengineering/ie-assembler.nbt,1,https://raw.githubusercontent.com/Dalethium/Convergence/master/config/capsule/prefabs/immersiveengineering/ie-assembler.nbt,client
/config/capsule/prefabs/immersiveengineering/ie-autoworkbench.nbt,1,https://raw.githubusercontent.com/Dalethium/Convergence/master/config/capsule/prefabs/immersiveengineering/ie-autoworkbench.nbt,client
/config/capsule/prefabs/immersiveengineering/ie-blastfurnace.nbt,1,https://raw.githubusercontent.com/Dalethium/Convergence/master/config/capsule/prefabs/immersiveengineering/ie-blastfurnace.nbt,client
/config/capsule/prefabs/immersiveengineering/ie-blastfurnaceadvanced.nbt,1,https://raw.githubusercontent.com/Dalethium/Convergence/master/config/capsule/prefabs/immersiveengineering/ie-blastfurnaceadvanced.nbt,client
/config/capsule/prefabs/immersiveengineering/ie-bottlingmachine.nbt,1,https://raw.githubusercontent.com/Dalethium/Convergence/master/config/capsule/prefabs/immersiveengineering/ie-bottlingmachine.nbt,client
/config/capsule/prefabs/immersiveengineering/ie-cokeoven.nbt,1,https://raw.githubusercontent.com/Dalethium/Convergence/master/config/capsule/prefabs/immersiveengineering/ie-cokeoven.nbt,client
/config/capsule/prefabs/immersiveengineering/ie-crusher.nbt,1,https://raw.githubusercontent.com/Dalethium/Convergence/master/config/capsule/prefabs/immersiveengineering/ie-crusher.nbt,client
/config/capsule/prefabs/immersiveengineering/ie-dieselgenerator.nbt,1,https://raw.githubusercontent.com/Dalethium/Convergence/master/config/capsule/prefabs/immersiveengineering/ie-dieselgenerator.nbt,client
/config/capsule/prefabs/immersiveengineering/ie-excavatordemo.nbt,1,https://raw.githubusercontent.com/Dalethium/Convergence/master/config/capsule/prefabs/immersiveengineering/ie-excavatordemo.nbt,client
/config/capsule/prefabs/immersiveengineering/ie-fermenter.nbt,1,https://raw.githubusercontent.com/Dalethium/Convergence/master/config/capsule/prefabs/immersiveengineering/ie-fermenter.nbt,client
/config/capsule/prefabs/immersiveengineering/ie-lightningrod.nbt,1,https://raw.githubusercontent.com/Dalethium/Convergence/master/config/capsule/prefabs/immersiveengineering/ie-lightningrod.nbt,client
/config/capsule/prefabs/immersiveengineering/ie-metalpress.nbt,1,https://raw.githubusercontent.com/Dalethium/Convergence/master/config/capsule/prefabs/immersiveengineering/ie-metalpress.nbt,client
/config/capsule/prefabs/immersiveengineering/ie-mixer.nbt,1,https://raw.githubusercontent.com/Dalethium/Convergence/master/config/capsule/prefabs/immersiveengineering/ie-mixer.nbt,client
/config/capsule/prefabs/immersiveengineering/ie-refinery.nbt,1,https://raw.githubusercontent.com/Dalethium/Convergence/master/config/capsule/prefabs/immersiveengineering/ie-refinery.nbt,client
/config/capsule/prefabs/immersiveengineering/ie-sheetmetaltank.nbt,1,https://raw.githubusercontent.com/Dalethium/Convergence/master/config/capsule/prefabs/immersiveengineering/ie-sheetmetaltank.nbt,client
/config/capsule/prefabs/immersiveengineering/ie-silo.nbt,1,https://raw.githubusercontent.com/Dalethium/Convergence/master/config/capsule/prefabs/immersiveengineering/ie-silo.nbt,client
/config/capsule/prefabs/immersiveengineering/ie-squeezer.nbt,1,https://raw.githubusercontent.com/Dalethium/Convergence/master/config/capsule/prefabs/immersiveengineering/ie-squeezer.nbt,client
/config/capsule/prefabs/immersivepetroleum/ip-pumpjack.nbt,1,https://raw.githubusercontent.com/Dalethium/Convergence/master/config/capsule/prefabs/immersivepetroleum/ip-pumpjack.nbt,client
/config/capsule/prefabs/immersivetech/it-alternator.nbt,1,https://raw.githubusercontent.com/Dalethium/Convergence/master/config/capsule/prefabs/immersivetech/it-alternator.nbt,client
/config/capsule/prefabs/immersivetech/it-boiler.nbt,1,https://raw.githubusercontent.com/Dalethium/Convergence/master/config/capsule/prefabs/immersivetech/it-boiler.nbt,client
/config/capsule/prefabs/immersivetech/it-solarreflector.nbt,1,https://raw.githubusercontent.com/Dalethium/Convergence/master/config/capsule/prefabs/immersivetech/it-solarreflector.nbt,client
/config/capsule/prefabs/immersivetech/it-solartower.nbt,1,https://raw.githubusercontent.com/Dalethium/Convergence/master/config/capsule/prefabs/immersivetech/it-solartower.nbt,client
/config/capsule/prefabs/immersivetech/it-steamturbine.nbt,1,https://raw.githubusercontent.com/Dalethium/Convergence/master/config/capsule/prefabs/immersivetech/it-steamturbine.nbt,client
/config/capsule/prefabs/prefab_blueprint_recipe.json,1,https://raw.githubusercontent.com/Dalethium/Convergence/master/config/capsule/prefabs/prefab_blueprint_recipe.json,client
/config/capsule/starters/_starter_acacia_hut.nbt,1,https://raw.githubusercontent.com/Dalethium/Convergence/master/config/capsule/starters/_starter_acacia_hut.nbt,client
/config/capsule/starters/_starter_birch_hut.nbt,1,https://raw.githubusercontent.com/Dalethium/Convergence/master/config/capsule/starters/_starter_birch_hut.nbt,client
/config/capsule/starters/_starter_cottage.nbt,1,https://raw.githubusercontent.com/Dalethium/Convergence/master/config/capsule/starters/_starter_cottage.nbt,client
/config/capsule/starters/_starter_dark_oak_hut.nbt,1,https://raw.githubusercontent.com/Dalethium/Convergence/master/config/capsule/starters/_starter_dark_oak_hut.nbt,client
/config/capsule/starters/_starter_jungle_hut.nbt,1,https://raw.githubusercontent.com/Dalethium/Convergence/master/config/capsule/starters/_starter_jungle_hut.nbt,client
/config/capsule/starters/_starter_oak_hut.nbt,1,https://raw.githubusercontent.com/Dalethium/Convergence/master/config/capsule/starters/_starter_oak_hut.nbt,client
/config/capsule/starters/starter_traveller's_base.nbt,1,https://raw.githubusercontent.com/Dalethium/Convergence/master/config/capsule/starters/starter_traveller%27s_base.nbt,client
/config/cfm.cfg,3,https://raw.githubusercontent.com/Dalethium/Convergence/master/config/cfm.cfg,client
/config/charm.cfg,2,https://raw.githubusercontent.com/Dalethium/Convergence/master/config/charm.cfg,client
/config/charm_asm.cfg,2,https://raw.githubusercontent.com/Dalethium/Convergence/master/config/charm_asm.cfg,client
/config/chisel.cfg,2,https://raw.githubusercontent.com/Dalethium/Convergence/master/config/chisel.cfg,client
/config/chiselsandbits.cfg,5,https://raw.githubusercontent.com/Dalethium/Convergence/master/config/chiselsandbits.cfg,client
/config/chiselsandbits_clipboard.cfg,1,https://raw.githubusercontent.com/Dalethium/Convergence/master/config/chiselsandbits_clipboard.cfg,client
/config/clienttweaks.cfg,2,https://raw.githubusercontent.com/Dalethium/Convergence/master/config/clienttweaks.cfg,client
/config/codechicken/supporters.json,3,https://raw.githubusercontent.com/Dalethium/Convergence/master/config/codechicken/supporters.json,client
/config/codechicken/supporters.marker,1,https://raw.githubusercontent.com/Dalethium/Convergence/master/config/codechicken/supporters.marker,client
/config/codechickenlib.cfg,3,https://raw.githubusercontent.com/Dalethium/Convergence/master/config/codechickenlib.cfg,client
/config/cofh/nonvflash/client.cfg,3,https://raw.githubusercontent.com/Dalethium/Convergence/master/config/cofh/nonvflash/client.cfg,client
/config/compactmachines3/settings.cfg,2,https://raw.githubusercontent.com/Dalethium/Convergence/master/config/compactmachines3/settings.cfg,client
/config/compatskills.cfg,2,https://raw.githubusercontent.com/Dalethium/Convergence/master/config/compatskills.cfg,client
/config/computercraft.cfg,4,https://raw.githubusercontent.com/Dalethium/Convergence/master/config/computercraft.cfg,client
/config/computronics.cfg,1,https://raw.githubusercontent.com/Dalethium/Convergence/master/config/computronics.cfg,client
/config/consolefilter.cfg,2,https://raw.githubusercontent.com/Dalethium/Convergence/master/config/consolefilter.cfg,client
/config/controllable/controller.properties,3,https://raw.githubusercontent.com/Dalethium/Convergence/master/config/controllable/controller.properties,client
/config/cookingforblockheads.cfg,1,https://raw.githubusercontent.com/Dalethium/Convergence/master/config/cookingforblockheads.cfg,client
/config/copy/keepme.txt,1,https://raw.githubusercontent.com/Dalethium/Convergence/master/config/copy/keepme.txt,client
/config/copypaste.cfg,3,https://raw.githubusercontent.com/Dalethium/Convergence/master/config/copypaste.cfg,client
/config/corail_pillar.cfg,3,https://raw.githubusercontent.com/Dalethium/Convergence/master/config/corail_pillar.cfg,client
/config/cosmeticarmorreworked.cfg,2,https://raw.githubusercontent.com/Dalethium/Convergence/master/config/cosmeticarmorreworked.cfg,client
/config/craftingtweaks.cfg,2,https://raw.githubusercontent.com/Dalethium/Convergence/master/config/craftingtweaks.cfg,client
/config/cramming.cfg,2,https://raw.githubusercontent.com/Dalethium/Convergence/master/config/cramming.cfg,client
/config/creativeplus.cfg,1,https://raw.githubusercontent.com/Dalethium/Convergence/master/config/creativeplus.cfg,client
/config/crowmap.cfg,3,https://raw.githubusercontent.com/Dalethium/Convergence/master/config/crowmap.cfg,client
/config/ctm.cfg,3,https://raw.githubusercontent.com/Dalethium/Convergence/master/config/ctm.cfg,client
/config/customcursormod.cfg,3,https://raw.githubusercontent.com/Dalethium/Convergence/master/config/customcursormod.cfg,client
/config/dailies.cfg,2,https://raw.githubusercontent.com/Dalethium/Convergence/master/config/dailies.cfg,client
/config/deathcounter.cfg,2,https://raw.githubusercontent.com/Dalethium/Convergence/master/config/deathcounter.cfg,client
/config/deathquotes.txt,2,https://raw.githubusercontent.com/Dalethium/Convergence/master/config/deathquotes.txt,client
/config/defaultworldgenerator-port/worldsettings.data,1,https://raw.githubusercontent.com/Dalethium/Convergence/master/config/defaultworldgenerator-port/worldsettings.data,client
/config/defeatedcrow/dispenser/shears_item.json,1,https://raw.githubusercontent.com/Dalethium/Convergence/master/config/defeatedcrow/dispenser/shears_item.json,client
/config/denyblocks/configGeneral.cfg,3,https://raw.githubusercontent.com/Dalethium/Convergence/master/config/denyblocks/configGeneral.cfg,client
/config/denyblocks/configLang.cfg,3,https://raw.githubusercontent.com/Dalethium/Convergence/master/config/denyblocks/configLang.cfg,client
/config/dimdoors.cfg,3,https://raw.githubusercontent.com/Dalethium/Convergence/master/config/dimdoors.cfg,client
/config/ding.cfg,2,https://raw.githubusercontent.com/Dalethium/Convergence/master/config/ding.cfg,client
/config/dshuds.cfg,3,https://raw.githubusercontent.com/Dalethium/Convergence/master/config/dshuds.cfg,client
/config/dsurround/dsurround.cfg,3,https://raw.githubusercontent.com/Dalethium/Convergence/master/config/dsurround/dsurround.cfg,client
/config/dungeontactics.cfg,2,https://raw.githubusercontent.com/Dalethium/Convergence/master/config/dungeontactics.cfg,client
/config/emojicord.cfg,3,https://raw.githubusercontent.com/Dalethium/Convergence/master/config/emojicord.cfg,client
/config/enchcontrol/config.json,1,https://raw.githubusercontent.com/Dalethium/Convergence/master/config/enchcontrol/config.json,client
/config/enchcontrol/enchantments.json,1,https://raw.githubusercontent.com/Dalethium/Convergence/master/config/enchcontrol/enchantments.json,client
/config/enchdesc.cfg,2,https://raw.githubusercontent.com/Dalethium/Convergence/master/config/enchdesc.cfg,client
/config/enchiridion/books/Guide.json,1,https://raw.githubusercontent.com/Dalethium/Convergence/master/config/enchiridion/books/Guide.json,client
/config/enchiridion/books/icons/Guide.json,1,https://raw.githubusercontent.com/Dalethium/Convergence/master/config/enchiridion/books/icons/Guide.json,client
/config/enchiridion/books/images/Guide/book.png,1,https://raw.githubusercontent.com/Dalethium/Convergence/master/config/enchiridion/books/images/Guide/book.png,client
/config/enchiridion/enchiridion.cfg,3,https://raw.githubusercontent.com/Dalethium/Convergence/master/config/enchiridion/enchiridion.cfg,client
/config/enchiridion/library/smp.json,1,https://raw.githubusercontent.com/Dalethium/Convergence/master/config/enchiridion/library/smp.json,client
/config/enderstorage.cfg,3,https://raw.githubusercontent.com/Dalethium/Convergence/master/config/enderstorage.cfg,client
/config/endreborn.cfg,3,https://raw.githubusercontent.com/Dalethium/Convergence/master/config/endreborn.cfg,client
/config/epicsiegemod.cfg,2,https://raw.githubusercontent.com/Dalethium/Convergence/master/config/epicsiegemod.cfg,client
/config/equaldragons.cfg,3,https://raw.githubusercontent.com/Dalethium/Convergence/master/config/equaldragons.cfg,client
/config/evilnotchlib/asm.cfg,3,https://raw.githubusercontent.com/Dalethium/Convergence/master/config/evilnotchlib/asm.cfg,client
/config/evilnotchlib/auto/properties/blockproperties.json,3,https://raw.githubusercontent.com/Dalethium/Convergence/master/config/evilnotchlib/auto/properties/blockproperties.json,client
/config/evilnotchlib/evilnotchlib.cfg,3,https://raw.githubusercontent.com/Dalethium/Convergence/master/config/evilnotchlib/evilnotchlib.cfg,client
/config/explosioncrafting.cfg,3,https://raw.githubusercontent.com/Dalethium/Convergence/master/config/explosioncrafting.cfg,client
/config/fastbench.cfg,2,https://raw.githubusercontent.com/Dalethium/Convergence/master/config/fastbench.cfg,client
/config/fastflyblockbreaking.cfg,3,https://raw.githubusercontent.com/Dalethium/Convergence/master/config/fastflyblockbreaking.cfg,client
/config/fastfurnace.cfg,2,https://raw.githubusercontent.com/Dalethium/Convergence/master/config/fastfurnace.cfg,client
/config/findme.cfg,2,https://raw.githubusercontent.com/Dalethium/Convergence/master/config/findme.cfg,client
/config/flyringbaublemod.cfg,3,https://raw.githubusercontent.com/Dalethium/Convergence/master/config/flyringbaublemod.cfg,client
/config/foamfix.cfg,3,https://raw.githubusercontent.com/Dalethium/Convergence/master/config/foamfix.cfg,client
/config/forge.cfg,2,https://raw.githubusercontent.com/Dalethium/Convergence/master/config/forge.cfg,client
/config/forgeChunkLoading.cfg,2,https://raw.githubusercontent.com/Dalethium/Convergence/master/config/forgeChunkLoading.cfg,client
/config/forgeessentialsclient.cfg,3,https://raw.githubusercontent.com/Dalethium/Convergence/master/config/forgeessentialsclient.cfg,client
/config/fpsreducer/fpsreducer.cfg,3,https://raw.githubusercontent.com/Dalethium/Convergence/master/config/fpsreducer/fpsreducer.cfg,client
/config/friendlyfire.cfg,3,https://raw.githubusercontent.com/Dalethium/Convergence/master/config/friendlyfire.cfg,client
/config/future-mc/future-mc.cfg,3,https://raw.githubusercontent.com/Dalethium/Convergence/master/config/future-mc/future-mc.cfg,client
/config/fw.cfg,2,https://raw.githubusercontent.com/Dalethium/Convergence/master/config/fw.cfg,client
/config/gbook.cfg,3,https://raw.githubusercontent.com/Dalethium/Convergence/master/config/gbook.cfg,client
/config/gottagofast.cfg,2,https://raw.githubusercontent.com/Dalethium/Convergence/master/config/gottagofast.cfg,client
/config/gottschcore/general.cfg,2,https://raw.githubusercontent.com/Dalethium/Convergence/master/config/gottschcore/general.cfg,client
/config/hammercore.cfg,1,https://raw.githubusercontent.com/Dalethium/Convergence/master/config/hammercore.cfg,client
/config/hammercore/tile_entity_tick_slip.json,1,https://raw.githubusercontent.com/Dalethium/Convergence/master/config/hammercore/tile_entity_tick_slip.json,client
/config/harvestcraft.cfg,1,https://raw.githubusercontent.com/Dalethium/Convergence/master/config/harvestcraft.cfg,client
/config/harvestcraft_fruittree.cfg,1,https://raw.githubusercontent.com/Dalethium/Convergence/master/config/harvestcraft_fruittree.cfg,client
/config/heartdrops.cfg,3,https://raw.githubusercontent.com/Dalethium/Convergence/master/config/heartdrops.cfg,client
/config/hunterillager.cfg,3,https://raw.githubusercontent.com/Dalethium/Convergence/master/config/hunterillager.cfg,client
/config/ias.cfg,2,https://raw.githubusercontent.com/Dalethium/Convergence/master/config/ias.cfg,client
/config/ichunutil.cfg,7,https://raw.githubusercontent.com/Dalethium/Convergence/master/config/ichunutil.cfg,client
/config/ichunutil_keybinds.cfg,2,https://raw.githubusercontent.com/Dalethium/Convergence/master/config/ichunutil_keybinds.cfg,client
/config/ido/ido.cfg,3,https://raw.githubusercontent.com/Dalethium/Convergence/master/config/ido/ido.cfg,client
/config/illagers_plus/illagers_plus.cfg,2,https://raw.githubusercontent.com/Dalethium/Convergence/master/config/illagers_plus/illagers_plus.cfg,client
/config/infotip.cfg,2,https://raw.githubusercontent.com/Dalethium/Convergence/master/config/infotip.cfg,client
/config/inspirations.cfg,2,https://raw.githubusercontent.com/Dalethium/Convergence/master/config/inspirations.cfg,client
/config/inspirationsModules.cfg,2,https://raw.githubusercontent.com/Dalethium/Convergence/master/config/inspirationsModules.cfg,client
/config/inventorypets/illuminati_blacklist.json,1,https://raw.githubusercontent.com/Dalethium/Convergence/master/config/inventorypets/illuminati_blacklist.json,client
/config/inventorypets/inventorypets.cfg,2,https://raw.githubusercontent.com/Dalethium/Convergence/master/config/inventorypets/inventorypets.cfg,client
/config/ironchest.cfg,2,https://raw.githubusercontent.com/Dalethium/Convergence/master/config/ironchest.cfg,client
/config/ironfurnaces.cfg,3,https://raw.githubusercontent.com/Dalethium/Convergence/master/config/ironfurnaces.cfg,client
/config/itemblacklist.cfg,2,https://raw.githubusercontent.com/Dalethium/Convergence/master/config/itemblacklist.cfg,client
/config/itemphysic-client.json,1,https://raw.githubusercontent.com/Dalethium/Convergence/master/config/itemphysic-client.json,client
/config/itemphysic.cfg,1,https://raw.githubusercontent.com/Dalethium/Convergence/master/config/itemphysic.cfg,client
/config/jei/itemBlacklist.cfg,3,https://raw.githubusercontent.com/Dalethium/Convergence/master/config/jei/itemBlacklist.cfg,client
/config/jei/jei.cfg,3,https://raw.githubusercontent.com/Dalethium/Convergence/master/config/jei/jei.cfg,client
/config/jei/searchColors.cfg,2,https://raw.githubusercontent.com/Dalethium/Convergence/master/config/jei/searchColors.cfg,client
/config/jei/worldSettings.cfg,7,https://raw.githubusercontent.com/Dalethium/Convergence/master/config/jei/worldSettings.cfg,client
/config/jeiintegration.cfg,2,https://raw.githubusercontent.com/Dalethium/Convergence/master/config/jeiintegration.cfg,client
/config/jeivillagers.cfg,3,https://raw.githubusercontent.com/Dalethium/Convergence/master/config/jeivillagers.cfg,client
/config/jepb.cfg,2,https://raw.githubusercontent.com/Dalethium/Convergence/master/config/jepb.cfg,client
/config/jeresources/jeresources.cfg,2,https://raw.githubusercontent.com/Dalethium/Convergence/master/config/jeresources/jeresources.cfg,client
/config/jlgm_chatbox.cfg,3,https://raw.githubusercontent.com/Dalethium/Convergence/master/config/jlgm_chatbox.cfg,client
/config/jlgm_pgen.cfg,3,https://raw.githubusercontent.com/Dalethium/Convergence/master/config/jlgm_pgen.cfg,client
/config/journeymap_ModInfo.cfg,2,https://raw.githubusercontent.com/Dalethium/Convergence/master/config/journeymap_ModInfo.cfg,client
/config/journeymap_server.cfg,3,https://raw.githubusercontent.com/Dalethium/Convergence/master/config/journeymap_server.cfg,client
/config/justenoughbuttons.cfg,2,https://raw.githubusercontent.com/Dalethium/Convergence/master/config/justenoughbuttons.cfg,client
/config/justenoughdimensions/justenoughdimensions.cfg,2,https://raw.githubusercontent.com/Dalethium/Convergence/master/config/justenoughdimensions/justenoughdimensions.cfg,client
/config/k4lib.cfg,2,https://raw.githubusercontent.com/Dalethium/Convergence/master/config/k4lib.cfg,client
/config/labyrinth.cfg,2,https://raw.githubusercontent.com/Dalethium/Convergence/master/config/labyrinth.cfg,client
/config/lesslag.cfg,2,https://raw.githubusercontent.com/Dalethium/Convergence/master/config/lesslag.cfg,client
/config/limelib.cfg,2,https://raw.githubusercontent.com/Dalethium/Convergence/master/config/limelib.cfg,client
/config/loadingprofiler.cfg,2,https://raw.githubusercontent.com/Dalethium/Convergence/master/config/loadingprofiler.cfg,client
/config/login_shield.cfg,3,https://raw.githubusercontent.com/Dalethium/Convergence/master/config/login_shield.cfg,client
/config/loottweaker.cfg,3,https://raw.githubusercontent.com/Dalethium/Convergence/master/config/loottweaker.cfg,client
/config/ltta.cfg,3,https://raw.githubusercontent.com/Dalethium/Convergence/master/config/ltta.cfg,client
/config/lunatriuscore.cfg,3,https://raw.githubusercontent.com/Dalethium/Convergence/master/config/lunatriuscore.cfg,client
/config/megamap.cfg,3,https://raw.githubusercontent.com/Dalethium/Convergence/master/config/megamap.cfg,client
/config/microblocks.cfg,2,https://raw.githubusercontent.com/Dalethium/Convergence/master/config/microblocks.cfg,client
/config/midnight.cfg,3,https://raw.githubusercontent.com/Dalethium/Convergence/master/config/midnight.cfg,client
/config/modlister.cfg,3,https://raw.githubusercontent.com/Dalethium/Convergence/master/config/modlister.cfg,client
/config/modnametooltip.cfg,2,https://raw.githubusercontent.com/Dalethium/Convergence/master/config/modnametooltip.cfg,client
/config/moresoundconfig.cfg,3,https://raw.githubusercontent.com/Dalethium/Convergence/master/config/moresoundconfig.cfg,client
/config/multipart.cfg,3,https://raw.githubusercontent.com/Dalethium/Convergence/master/config/multipart.cfg,client
/config/mumboredstone.cfg,3,https://raw.githubusercontent.com/Dalethium/Convergence/master/config/mumboredstone.cfg,client
/config/nbttooltip.cfg,3,https://raw.githubusercontent.com/Dalethium/Convergence/master/config/nbttooltip.cfg,client
/config/neat.cfg,2,https://raw.githubusercontent.com/Dalethium/Convergence/master/config/neat.cfg,client
/config/of.cfg,2,https://raw.githubusercontent.com/Dalethium/Convergence/master/config/of.cfg,client
/config/opframe-client.json,1,https://raw.githubusercontent.com/Dalethium/Convergence/master/config/opframe-client.json,client
/config/opframe.cfg,1,https://raw.githubusercontent.com/Dalethium/Convergence/master/config/opframe.cfg,client
/config/orelib.cfg,3,https://raw.githubusercontent.com/Dalethium/Convergence/master/config/orelib.cfg,client
/config/patchouli.cfg,3,https://raw.githubusercontent.com/Dalethium/Convergence/master/config/patchouli.cfg,client
/config/phosphor.json,1,https://raw.githubusercontent.com/Dalethium/Convergence/master/config/phosphor.json,client
/config/pickupnotifier.cfg,3,https://raw.githubusercontent.com/Dalethium/Convergence/master/config/pickupnotifier.cfg,client
/config/pillar.cfg,2,https://raw.githubusercontent.com/Dalethium/Convergence/master/config/pillar.cfg,client
/config/playersdropheads.cfg,3,https://raw.githubusercontent.com/Dalethium/Convergence/master/config/playersdropheads.cfg,client
/config/playerstorage.cfg,1,https://raw.githubusercontent.com/Dalethium/Convergence/master/config/playerstorage.cfg,client
/config/plethora-core.cfg,3,https://raw.githubusercontent.com/Dalethium/Convergence/master/config/plethora-core.cfg,client
/config/plethora.cfg,3,https://raw.githubusercontent.com/Dalethium/Convergence/master/config/plethora.cfg,client
/config/pregenerator/ClientConfig.cfg,4,https://raw.githubusercontent.com/Dalethium/Convergence/master/config/pregenerator/ClientConfig.cfg,client
/config/pregenerator/ExampleFile.txt,2,https://raw.githubusercontent.com/Dalethium/Convergence/master/config/pregenerator/ExampleFile.txt,client
/config/pregenerator/PregenConfig.cfg,4,https://raw.githubusercontent.com/Dalethium/Convergence/master/config/pregenerator/PregenConfig.cfg,client
/config/prettybeaches.cfg,3,https://raw.githubusercontent.com/Dalethium/Convergence/master/config/prettybeaches.cfg,client
/config/pyramidplunder.cfg,3,https://raw.githubusercontent.com/Dalethium/Convergence/master/config/pyramidplunder.cfg,client
/config/quark.cfg,2,https://raw.githubusercontent.com/Dalethium/Convergence/master/config/quark.cfg,client
/config/randomconfigs/attackspeeds.json,3,https://raw.githubusercontent.com/Dalethium/Convergence/master/config/randomconfigs/attackspeeds.json,client
/config/randomconfigs/defaultgamerules.json,3,https://raw.githubusercontent.com/Dalethium/Convergence/master/config/randomconfigs/defaultgamerules.json,client
/config/randomloot/randomloot.cfg,3,https://raw.githubusercontent.com/Dalethium/Convergence/master/config/randomloot/randomloot.cfg,client
/config/randompatches.cfg,3,https://raw.githubusercontent.com/Dalethium/Convergence/master/config/randompatches.cfg,client
/config/randomthings.cfg,2,https://raw.githubusercontent.com/Dalethium/Convergence/master/config/randomthings.cfg,client
/config/randomtweaks/randomtweaks.cfg,4,https://raw.githubusercontent.com/Dalethium/Convergence/master/config/randomtweaks/randomtweaks.cfg,client
/config/reap.cfg,3,https://raw.githubusercontent.com/Dalethium/Convergence/master/config/reap.cfg,client
/config/reccomplex.cfg,3,https://raw.githubusercontent.com/Dalethium/Convergence/master/config/reccomplex.cfg,client
/config/recipehandler.cfg,2,https://raw.githubusercontent.com/Dalethium/Convergence/master/config/recipehandler.cfg,client
/config/ropebridge.cfg,2,https://raw.githubusercontent.com/Dalethium/Convergence/master/config/ropebridge.cfg,client
/config/rpintegration.cfg,3,https://raw.githubusercontent.com/Dalethium/Convergence/master/config/rpintegration.cfg,client
/config/rsgauges.cfg,3,https://raw.githubusercontent.com/Dalethium/Convergence/master/config/rsgauges.cfg,client
/config/ruins.txt,2,https://raw.githubusercontent.com/Dalethium/Convergence/master/config/ruins.txt,client
/config/sampler.ini,2,https://raw.githubusercontent.com/Dalethium/Convergence/master/config/sampler.ini,client
/config/secretroomsmod.cfg,3,https://raw.githubusercontent.com/Dalethium/Convergence/master/config/secretroomsmod.cfg,client
/config/serverobserver/serverobserver.cfg,2,https://raw.githubusercontent.com/Dalethium/Convergence/master/config/serverobserver/serverobserver.cfg,client
/config/servertabinfo.cfg,3,https://raw.githubusercontent.com/Dalethium/Convergence/master/config/servertabinfo.cfg,client
/config/shipwrecks_winslow.cfg,3,https://raw.githubusercontent.com/Dalethium/Convergence/master/config/shipwrecks_winslow.cfg,client
/config/showcasemod_config.cfg,2,https://raw.githubusercontent.com/Dalethium/Convergence/master/config/showcasemod_config.cfg,client
/config/shulkerbox.cfg,3,https://raw.githubusercontent.com/Dalethium/Convergence/master/config/shulkerbox.cfg,client
/config/signpic.cfg,3,https://raw.githubusercontent.com/Dalethium/Convergence/master/config/signpic.cfg,client
/config/simple_trophies.cfg,2,https://raw.githubusercontent.com/Dalethium/Convergence/master/config/simple_trophies.cfg,client
/config/simplevoidworld.cfg,3,https://raw.githubusercontent.com/Dalethium/Convergence/master/config/simplevoidworld.cfg,client
/config/simplyconveyors.cfg,2,https://raw.githubusercontent.com/Dalethium/Convergence/master/config/simplyconveyors.cfg,client
/config/simplyloaders.cfg,2,https://raw.githubusercontent.com/Dalethium/Convergence/master/config/simplyloaders.cfg,client
/config/siv.cfg,1,https://raw.githubusercontent.com/Dalethium/Convergence/master/config/siv.cfg,client
/config/sledgehammer.conf,2,https://raw.githubusercontent.com/Dalethium/Convergence/master/config/sledgehammer.conf,client
/config/soundfilters.cfg,3,https://raw.githubusercontent.com/Dalethium/Convergence/master/config/soundfilters.cfg,client
/config/spawnprotection.cfg,2,https://raw.githubusercontent.com/Dalethium/Convergence/master/config/spawnprotection.cfg,client
/config/spawntemple.cfg,3,https://raw.githubusercontent.com/Dalethium/Convergence/master/config/spawntemple.cfg,client
/config/spectrite/config.cfg,3,https://raw.githubusercontent.com/Dalethium/Convergence/master/config/spectrite/config.cfg,client
/config/splash.properties,9,https://raw.githubusercontent.com/Dalethium/Convergence/master/config/splash.properties,client
/config/stackie.cfg,3,https://raw.githubusercontent.com/Dalethium/Convergence/master/config/stackie.cfg,client
/config/stg.cfg,3,https://raw.githubusercontent.com/Dalethium/Convergence/master/config/stg.cfg,client
/config/stygian.cfg,3,https://raw.githubusercontent.com/Dalethium/Convergence/master/config/stygian.cfg,client
/config/surge.cfg,2,https://raw.githubusercontent.com/Dalethium/Convergence/master/config/surge.cfg,client
/config/survivaltweaks.cfg,2,https://raw.githubusercontent.com/Dalethium/Convergence/master/config/survivaltweaks.cfg,client
/config/tc6aspects4jei.cfg,3,https://raw.githubusercontent.com/Dalethium/Convergence/master/config/tc6aspects4jei.cfg,client
/config/teamreborn/configData.nbt,1,https://raw.githubusercontent.com/Dalethium/Convergence/master/config/teamreborn/configData.nbt,client
/config/teamreborn/reborncore/client.cfg,3,https://raw.githubusercontent.com/Dalethium/Convergence/master/config/teamreborn/reborncore/client.cfg,client
/config/teamreborn/reborncore/misc.cfg,3,https://raw.githubusercontent.com/Dalethium/Convergence/master/config/teamreborn/reborncore/misc.cfg,client
/config/teamreborn/reborncore/power.cfg,3,https://raw.githubusercontent.com/Dalethium/Convergence/master/config/teamreborn/reborncore/power.cfg,client
/config/teamreborn/reborncore/selected_energy.json,1,https://raw.githubusercontent.com/Dalethium/Convergence/master/config/teamreborn/reborncore/selected_energy.json,client
/config/teamreborn/reborncore/upgrades.cfg,3,https://raw.githubusercontent.com/Dalethium/Convergence/master/config/teamreborn/reborncore/upgrades.cfg,client
/config/thaumadditions.cfg,1,https://raw.githubusercontent.com/Dalethium/Convergence/master/config/thaumadditions.cfg,client
/config/thaumcraft_graphics.cfg,3,https://raw.githubusercontent.com/Dalethium/Convergence/master/config/thaumcraft_graphics.cfg,client
/config/thaumcraft_misc.cfg,3,https://raw.githubusercontent.com/Dalethium/Convergence/master/config/thaumcraft_misc.cfg,client
/config/thaumcraft_world.cfg,3,https://raw.githubusercontent.com/Dalethium/Convergence/master/config/thaumcraft_world.cfg,client
/config/thaumic_periphery.cfg,2,https://raw.githubusercontent.com/Dalethium/Convergence/master/config/thaumic_periphery.cfg,client
/config/thaumicaugmentation.cfg,1,https://raw.githubusercontent.com/Dalethium/Convergence/master/config/thaumicaugmentation.cfg,client
/config/theframework.cfg,1,https://raw.githubusercontent.com/Dalethium/Convergence/master/config/theframework.cfg,client
/config/thejungleMod.cfg,3,https://raw.githubusercontent.com/Dalethium/Convergence/master/config/thejungleMod.cfg,client
/config/theplopper.cfg,3,https://raw.githubusercontent.com/Dalethium/Convergence/master/config/theplopper.cfg,client
/config/tickprofiler.cfg,3,https://raw.githubusercontent.com/Dalethium/Convergence/master/config/tickprofiler.cfg,client
/config/tramplestopper.cfg,3,https://raw.githubusercontent.com/Dalethium/Convergence/master/config/tramplestopper.cfg,client
/config/travelhut/travelhut.cfg,3,https://raw.githubusercontent.com/Dalethium/Convergence/master/config/travelhut/travelhut.cfg,client
/config/treasure2/decay/treasure2/aged_ruleset.json,2,https://raw.githubusercontent.com/Dalethium/Convergence/master/config/treasure2/decay/treasure2/aged_ruleset.json,client
/config/treasure2/decay/treasure2/default_ruleset.json,2,https://raw.githubusercontent.com/Dalethium/Convergence/master/config/treasure2/decay/treasure2/default_ruleset.json,client
/config/treasure2/decay/treasure2/ruinous_ruleset.json,2,https://raw.githubusercontent.com/Dalethium/Convergence/master/config/treasure2/decay/treasure2/ruinous_ruleset.json,client
/config/treasure2/loot_tables/treasure2/armor/common.json,1,https://raw.githubusercontent.com/Dalethium/Convergence/master/config/treasure2/loot_tables/treasure2/armor/common.json,client
/config/treasure2/loot_tables/treasure2/armor/epic.json,1,https://raw.githubusercontent.com/Dalethium/Convergence/master/config/treasure2/loot_tables/treasure2/armor/epic.json,client
/config/treasure2/loot_tables/treasure2/armor/rare.json,1,https://raw.githubusercontent.com/Dalethium/Convergence/master/config/treasure2/loot_tables/treasure2/armor/rare.json,client
/config/treasure2/loot_tables/treasure2/armor/scarce.json,1,https://raw.githubusercontent.com/Dalethium/Convergence/master/config/treasure2/loot_tables/treasure2/armor/scarce.json,client
/config/treasure2/loot_tables/treasure2/armor/uncommon.json,1,https://raw.githubusercontent.com/Dalethium/Convergence/master/config/treasure2/loot_tables/treasure2/armor/uncommon.json,client
/config/treasure2/loot_tables/treasure2/chests/common/armor_tool_chest.json,1,https://raw.githubusercontent.com/Dalethium/Convergence/master/config/treasure2/loot_tables/treasure2/chests/common/armor_tool_chest.json,client
/config/treasure2/loot_tables/treasure2/chests/common/food_potion_chest.json,1,https://raw.githubusercontent.com/Dalethium/Convergence/master/config/treasure2/loot_tables/treasure2/chests/common/food_potion_chest.json,client
/config/treasure2/loot_tables/treasure2/chests/common/general_chest.json,1,https://raw.githubusercontent.com/Dalethium/Convergence/master/config/treasure2/loot_tables/treasure2/chests/common/general_chest.json,client
/config/treasure2/loot_tables/treasure2/chests/epic/general_chest.json,1,https://raw.githubusercontent.com/Dalethium/Convergence/master/config/treasure2/loot_tables/treasure2/chests/epic/general_chest.json,client
/config/treasure2/loot_tables/treasure2/chests/rare/armor_tool_chest.json,1,https://raw.githubusercontent.com/Dalethium/Convergence/master/config/treasure2/loot_tables/treasure2/chests/rare/armor_tool_chest.json,client
/config/treasure2/loot_tables/treasure2/chests/rare/food_potion_chest.json,1,https://raw.githubusercontent.com/Dalethium/Convergence/master/config/treasure2/loot_tables/treasure2/chests/rare/food_potion_chest.json,client
/config/treasure2/loot_tables/treasure2/chests/rare/general_chest.json,1,https://raw.githubusercontent.com/Dalethium/Convergence/master/config/treasure2/loot_tables/treasure2/chests/rare/general_chest.json,client
/config/treasure2/loot_tables/treasure2/chests/scarce/armor_tool_chest.json,1,https://raw.githubusercontent.com/Dalethium/Convergence/master/config/treasure2/loot_tables/treasure2/chests/scarce/armor_tool_chest.json,client
/config/treasure2/loot_tables/treasure2/chests/scarce/food_potion_chest.json,1,https://raw.githubusercontent.com/Dalethium/Convergence/master/config/treasure2/loot_tables/treasure2/chests/scarce/food_potion_chest.json,client
/config/treasure2/loot_tables/treasure2/chests/scarce/general_chest.json,1,https://raw.githubusercontent.com/Dalethium/Convergence/master/config/treasure2/loot_tables/treasure2/chests/scarce/general_chest.json,client
/config/treasure2/loot_tables/treasure2/chests/special/black_pearl_well.json,1,https://raw.githubusercontent.com/Dalethium/Convergence/master/config/treasure2/loot_tables/treasure2/chests/special/black_pearl_well.json,client
/config/treasure2/loot_tables/treasure2/chests/special/cauldron_chest.json,1,https://raw.githubusercontent.com/Dalethium/Convergence/master/config/treasure2/loot_tables/treasure2/chests/special/cauldron_chest.json,client
/config/treasure2/loot_tables/treasure2/chests/special/gold_skull_chest.json,1,https://raw.githubusercontent.com/Dalethium/Convergence/master/config/treasure2/loot_tables/treasure2/chests/special/gold_skull_chest.json,client
/config/treasure2/loot_tables/treasure2/chests/special/skull_chest.json,1,https://raw.githubusercontent.com/Dalethium/Convergence/master/config/treasure2/loot_tables/treasure2/chests/special/skull_chest.json,client
/config/treasure2/loot_tables/treasure2/chests/special/white_pearl_well.json,1,https://raw.githubusercontent.com/Dalethium/Convergence/master/config/treasure2/loot_tables/treasure2/chests/special/white_pearl_well.json,client
/config/treasure2/loot_tables/treasure2/chests/special/wither_chest.json,1,https://raw.githubusercontent.com/Dalethium/Convergence/master/config/treasure2/loot_tables/treasure2/chests/special/wither_chest.json,client
/config/treasure2/loot_tables/treasure2/chests/uncommon/armor_tool_chest.json,1,https://raw.githubusercontent.com/Dalethium/Convergence/master/config/treasure2/loot_tables/treasure2/chests/uncommon/armor_tool_chest.json,client
/config/treasure2/loot_tables/treasure2/chests/uncommon/food_potion_chest.json,1,https://raw.githubusercontent.com/Dalethium/Convergence/master/config/treasure2/loot_tables/treasure2/chests/uncommon/food_potion_chest.json,client
/config/treasure2/loot_tables/treasure2/chests/uncommon/general_chest.json,1,https://raw.githubusercontent.com/Dalethium/Convergence/master/config/treasure2/loot_tables/treasure2/chests/uncommon/general_chest.json,client
/config/treasure2/loot_tables/treasure2/food/common.json,1,https://raw.githubusercontent.com/Dalethium/Convergence/master/config/treasure2/loot_tables/treasure2/food/common.json,client
/config/treasure2/loot_tables/treasure2/food/epic.json,1,https://raw.githubusercontent.com/Dalethium/Convergence/master/config/treasure2/loot_tables/treasure2/food/epic.json,client
/config/treasure2/loot_tables/treasure2/food/rare.json,1,https://raw.githubusercontent.com/Dalethium/Convergence/master/config/treasure2/loot_tables/treasure2/food/rare.json,client
/config/treasure2/loot_tables/treasure2/food/scarce.json,1,https://raw.githubusercontent.com/Dalethium/Convergence/master/config/treasure2/loot_tables/treasure2/food/scarce.json,client
/config/treasure2/loot_tables/treasure2/food/uncommon.json,1,https://raw.githubusercontent.com/Dalethium/Convergence/master/config/treasure2/loot_tables/treasure2/food/uncommon.json,client
/config/treasure2/loot_tables/treasure2/items/common.json,1,https://raw.githubusercontent.com/Dalethium/Convergence/master/config/treasure2/loot_tables/treasure2/items/common.json,client
/config/treasure2/loot_tables/treasure2/items/epic.json,1,https://raw.githubusercontent.com/Dalethium/Convergence/master/config/treasure2/loot_tables/treasure2/items/epic.json,client
/config/treasure2/loot_tables/treasure2/items/rare.json,1,https://raw.githubusercontent.com/Dalethium/Convergence/master/config/treasure2/loot_tables/treasure2/items/rare.json,client
/config/treasure2/loot_tables/treasure2/items/scarce.json,1,https://raw.githubusercontent.com/Dalethium/Convergence/master/config/treasure2/loot_tables/treasure2/items/scarce.json,client
/config/treasure2/loot_tables/treasure2/items/uncommon.json,1,https://raw.githubusercontent.com/Dalethium/Convergence/master/config/treasure2/loot_tables/treasure2/items/uncommon.json,client
/config/treasure2/loot_tables/treasure2/potions/common.json,1,https://raw.githubusercontent.com/Dalethium/Convergence/master/config/treasure2/loot_tables/treasure2/potions/common.json,client
/config/treasure2/loot_tables/treasure2/potions/epic.json,1,https://raw.githubusercontent.com/Dalethium/Convergence/master/config/treasure2/loot_tables/treasure2/potions/epic.json,client
/config/treasure2/loot_tables/treasure2/potions/rare.json,1,https://raw.githubusercontent.com/Dalethium/Convergence/master/config/treasure2/loot_tables/treasure2/potions/rare.json,client
/config/treasure2/loot_tables/treasure2/potions/scarce.json,1,https://raw.githubusercontent.com/Dalethium/Convergence/master/config/treasure2/loot_tables/treasure2/potions/scarce.json,client
/config/treasure2/loot_tables/treasure2/potions/uncommon.json,1,https://raw.githubusercontent.com/Dalethium/Convergence/master/config/treasure2/loot_tables/treasure2/potions/uncommon.json,client
/config/treasure2/loot_tables/treasure2/tools/common.json,1,https://raw.githubusercontent.com/Dalethium/Convergence/master/config/treasure2/loot_tables/treasure2/tools/common.json,client
/config/treasure2/loot_tables/treasure2/tools/epic.json,1,https://raw.githubusercontent.com/Dalethium/Convergence/master/config/treasure2/loot_tables/treasure2/tools/epic.json,client
/config/treasure2/loot_tables/treasure2/tools/rare.json,1,https://raw.githubusercontent.com/Dalethium/Convergence/master/config/treasure2/loot_tables/treasure2/tools/rare.json,client
/config/treasure2/loot_tables/treasure2/tools/scarce.json,1,https://raw.githubusercontent.com/Dalethium/Convergence/master/config/treasure2/loot_tables/treasure2/tools/scarce.json,client
/config/treasure2/loot_tables/treasure2/tools/uncommon.json,1,https://raw.githubusercontent.com/Dalethium/Convergence/master/config/treasure2/loot_tables/treasure2/tools/uncommon.json,client
/config/treasure2/loot_tables/treasure2/treasure/common.json,1,https://raw.githubusercontent.com/Dalethium/Convergence/master/config/treasure2/loot_tables/treasure2/treasure/common.json,client
/config/treasure2/loot_tables/treasure2/treasure/epic.json,1,https://raw.githubusercontent.com/Dalethium/Convergence/master/config/treasure2/loot_tables/treasure2/treasure/epic.json,client
/config/treasure2/loot_tables/treasure2/treasure/rare.json,1,https://raw.githubusercontent.com/Dalethium/Convergence/master/config/treasure2/loot_tables/treasure2/treasure/rare.json,client
/config/treasure2/loot_tables/treasure2/treasure/scarce.json,1,https://raw.githubusercontent.com/Dalethium/Convergence/master/config/treasure2/loot_tables/treasure2/treasure/scarce.json,client
/config/treasure2/loot_tables/treasure2/treasure/uncommon.json,1,https://raw.githubusercontent.com/Dalethium/Convergence/master/config/treasure2/loot_tables/treasure2/treasure/uncommon.json,client
/config/treasure2/meta/treasure2/structures/basic1.json,1,https://raw.githubusercontent.com/Dalethium/Convergence/master/config/treasure2/meta/treasure2/structures/basic1.json,client
/config/treasure2/meta/treasure2/structures/basic2.json,1,https://raw.githubusercontent.com/Dalethium/Convergence/master/config/treasure2/meta/treasure2/structures/basic2.json,client
/config/treasure2/meta/treasure2/structures/basic3.json,1,https://raw.githubusercontent.com/Dalethium/Convergence/master/config/treasure2/meta/treasure2/structures/basic3.json,client
/config/treasure2/meta/treasure2/structures/basic4.json,1,https://raw.githubusercontent.com/Dalethium/Convergence/master/config/treasure2/meta/treasure2/structures/basic4.json,client
/config/treasure2/meta/treasure2/structures/basic5.json,1,https://raw.githubusercontent.com/Dalethium/Convergence/master/config/treasure2/meta/treasure2/structures/basic5.json,client
/config/treasure2/meta/treasure2/structures/blacksmith1.json,1,https://raw.githubusercontent.com/Dalethium/Convergence/master/config/treasure2/meta/treasure2/structures/blacksmith1.json,client
/config/treasure2/meta/treasure2/structures/canopy-wishing-well1.json,1,https://raw.githubusercontent.com/Dalethium/Convergence/master/config/treasure2/meta/treasure2/structures/canopy-wishing-well1.json,client
/config/treasure2/meta/treasure2/structures/cave1.json,1,https://raw.githubusercontent.com/Dalethium/Convergence/master/config/treasure2/meta/treasure2/structures/cave1.json,client
/config/treasure2/meta/treasure2/structures/cave2.json,1,https://raw.githubusercontent.com/Dalethium/Convergence/master/config/treasure2/meta/treasure2/structures/cave2.json,client
/config/treasure2/meta/treasure2/structures/church1.json,1,https://raw.githubusercontent.com/Dalethium/Convergence/master/config/treasure2/meta/treasure2/structures/church1.json,client
/config/treasure2/meta/treasure2/structures/cobb1.json,1,https://raw.githubusercontent.com/Dalethium/Convergence/master/config/treasure2/meta/treasure2/structures/cobb1.json,client
/config/treasure2/meta/treasure2/structures/crypt1.json,1,https://raw.githubusercontent.com/Dalethium/Convergence/master/config/treasure2/meta/treasure2/structures/crypt1.json,client
/config/treasure2/meta/treasure2/structures/crypt2.json,1,https://raw.githubusercontent.com/Dalethium/Convergence/master/config/treasure2/meta/treasure2/structures/crypt2.json,client
/config/treasure2/meta/treasure2/structures/crypt3.json,1,https://raw.githubusercontent.com/Dalethium/Convergence/master/config/treasure2/meta/treasure2/structures/crypt3.json,client
/config/treasure2/meta/treasure2/structures/desert-tower2.json,1,https://raw.githubusercontent.com/Dalethium/Convergence/master/config/treasure2/meta/treasure2/structures/desert-tower2.json,client
/config/treasure2/meta/treasure2/structures/desert-wishing-well1.json,1,https://raw.githubusercontent.com/Dalethium/Convergence/master/config/treasure2/meta/treasure2/structures/desert-wishing-well1.json,client
/config/treasure2/meta/treasure2/structures/desert-wishing-well2.json,1,https://raw.githubusercontent.com/Dalethium/Convergence/master/config/treasure2/meta/treasure2/structures/desert-wishing-well2.json,client
/config/treasure2/meta/treasure2/structures/dingy1.json,1,https://raw.githubusercontent.com/Dalethium/Convergence/master/config/treasure2/meta/treasure2/structures/dingy1.json,client
/config/treasure2/meta/treasure2/structures/fortress1.json,1,https://raw.githubusercontent.com/Dalethium/Convergence/master/config/treasure2/meta/treasure2/structures/fortress1.json,client
/config/treasure2/meta/treasure2/structures/house1.json,1,https://raw.githubusercontent.com/Dalethium/Convergence/master/config/treasure2/meta/treasure2/structures/house1.json,client
/config/treasure2/meta/treasure2/structures/iron-chamber1.json,1,https://raw.githubusercontent.com/Dalethium/Convergence/master/config/treasure2/meta/treasure2/structures/iron-chamber1.json,client
/config/treasure2/meta/treasure2/structures/iron-chamber2.json,1,https://raw.githubusercontent.com/Dalethium/Convergence/master/config/treasure2/meta/treasure2/structures/iron-chamber2.json,client
/config/treasure2/meta/treasure2/structures/large-tower1.json,1,https://raw.githubusercontent.com/Dalethium/Convergence/master/config/treasure2/meta/treasure2/structures/large-tower1.json,client
/config/treasure2/meta/treasure2/structures/mine1.json,1,https://raw.githubusercontent.com/Dalethium/Convergence/master/config/treasure2/meta/treasure2/structures/mine1.json,client
/config/treasure2/meta/treasure2/structures/obsidian-chamber1.json,1,https://raw.githubusercontent.com/Dalethium/Convergence/master/config/treasure2/meta/treasure2/structures/obsidian-chamber1.json,client
/config/treasure2/meta/treasure2/structures/pirate-chamber1.json,1,https://raw.githubusercontent.com/Dalethium/Convergence/master/config/treasure2/meta/treasure2/structures/pirate-chamber1.json,client
/config/treasure2/meta/treasure2/structures/ship1.json,1,https://raw.githubusercontent.com/Dalethium/Convergence/master/config/treasure2/meta/treasure2/structures/ship1.json,client
/config/treasure2/meta/treasure2/structures/ship2.json,1,https://raw.githubusercontent.com/Dalethium/Convergence/master/config/treasure2/meta/treasure2/structures/ship2.json,client
/config/treasure2/meta/treasure2/structures/ship3.json,1,https://raw.githubusercontent.com/Dalethium/Convergence/master/config/treasure2/meta/treasure2/structures/ship3.json,client
/config/treasure2/meta/treasure2/structures/simple-well1.json,1,https://raw.githubusercontent.com/Dalethium/Convergence/master/config/treasure2/meta/treasure2/structures/simple-well1.json,client
/config/treasure2/meta/treasure2/structures/tower1.json,1,https://raw.githubusercontent.com/Dalethium/Convergence/master/config/treasure2/meta/treasure2/structures/tower1.json,client
/config/treasure2/meta/treasure2/structures/tower2.json,1,https://raw.githubusercontent.com/Dalethium/Convergence/master/config/treasure2/meta/treasure2/structures/tower2.json,client
/config/treasure2/meta/treasure2/structures/tower3.json,1,https://raw.githubusercontent.com/Dalethium/Convergence/master/config/treasure2/meta/treasure2/structures/tower3.json,client
/config/treasure2/meta/treasure2/structures/tower4.json,1,https://raw.githubusercontent.com/Dalethium/Convergence/master/config/treasure2/meta/treasure2/structures/tower4.json,client
/config/treasure2/meta/treasure2/structures/underwater-ruin1.json,1,https://raw.githubusercontent.com/Dalethium/Convergence/master/config/treasure2/meta/treasure2/structures/underwater-ruin1.json,client
/config/treasure2/meta/treasure2/structures/underwater-ruins2.json,1,https://raw.githubusercontent.com/Dalethium/Convergence/master/config/treasure2/meta/treasure2/structures/underwater-ruins2.json,client
/config/treasure2/meta/treasure2/structures/wither-chamber1.json,1,https://raw.githubusercontent.com/Dalethium/Convergence/master/config/treasure2/meta/treasure2/structures/wither-chamber1.json,client
/config/treasure2/meta/treasure2/structures/wood-draw-wishing-well1.json,1,https://raw.githubusercontent.com/Dalethium/Convergence/master/config/treasure2/meta/treasure2/structures/wood-draw-wishing-well1.json,client
/config/treasure2/structures/treasure2/submerged/dingy1.nbt,1,https://raw.githubusercontent.com/Dalethium/Convergence/master/config/treasure2/structures/treasure2/submerged/dingy1.nbt,client
/config/treasure2/structures/treasure2/submerged/ship1.nbt,1,https://raw.githubusercontent.com/Dalethium/Convergence/master/config/treasure2/structures/treasure2/submerged/ship1.nbt,client
/config/treasure2/structures/treasure2/submerged/ship2.nbt,1,https://raw.githubusercontent.com/Dalethium/Convergence/master/config/treasure2/structures/treasure2/submerged/ship2.nbt,client
/config/treasure2/structures/treasure2/submerged/ship3.nbt,1,https://raw.githubusercontent.com/Dalethium/Convergence/master/config/treasure2/structures/treasure2/submerged/ship3.nbt,client
/config/treasure2/structures/treasure2/submerged/underwater-ruin1.nbt,1,https://raw.githubusercontent.com/Dalethium/Convergence/master/config/treasure2/structures/treasure2/submerged/underwater-ruin1.nbt,client
/config/treasure2/structures/treasure2/submerged/underwater-ruins2.nbt,1,https://raw.githubusercontent.com/Dalethium/Convergence/master/config/treasure2/structures/treasure2/submerged/underwater-ruins2.nbt,client
/config/treasure2/structures/treasure2/subterranean/basic1.nbt,1,https://raw.githubusercontent.com/Dalethium/Convergence/master/config/treasure2/structures/treasure2/subterranean/basic1.nbt,client
/config/treasure2/structures/treasure2/subterranean/basic2.nbt,1,https://raw.githubusercontent.com/Dalethium/Convergence/master/config/treasure2/structures/treasure2/subterranean/basic2.nbt,client
/config/treasure2/structures/treasure2/subterranean/basic3.nbt,1,https://raw.githubusercontent.com/Dalethium/Convergence/master/config/treasure2/structures/treasure2/subterranean/basic3.nbt,client
/config/treasure2/structures/treasure2/subterranean/basic4.nbt,1,https://raw.githubusercontent.com/Dalethium/Convergence/master/config/treasure2/structures/treasure2/subterranean/basic4.nbt,client
/config/treasure2/structures/treasure2/subterranean/basic5.nbt,1,https://raw.githubusercontent.com/Dalethium/Convergence/master/config/treasure2/structures/treasure2/subterranean/basic5.nbt,client
/config/treasure2/structures/treasure2/subterranean/cave1.nbt,1,https://raw.githubusercontent.com/Dalethium/Convergence/master/config/treasure2/structures/treasure2/subterranean/cave1.nbt,client
/config/treasure2/structures/treasure2/subterranean/cave2.nbt,1,https://raw.githubusercontent.com/Dalethium/Convergence/master/config/treasure2/structures/treasure2/subterranean/cave2.nbt,client
/config/treasure2/structures/treasure2/subterranean/cobb1.nbt,1,https://raw.githubusercontent.com/Dalethium/Convergence/master/config/treasure2/structures/treasure2/subterranean/cobb1.nbt,client
/config/treasure2/structures/treasure2/subterranean/crypt1.nbt,1,https://raw.githubusercontent.com/Dalethium/Convergence/master/config/treasure2/structures/treasure2/subterranean/crypt1.nbt,client
/config/treasure2/structures/treasure2/subterranean/iron-chamber1.nbt,1,https://raw.githubusercontent.com/Dalethium/Convergence/master/config/treasure2/structures/treasure2/subterranean/iron-chamber1.nbt,client
/config/treasure2/structures/treasure2/subterranean/iron-chamber2.nbt,1,https://raw.githubusercontent.com/Dalethium/Convergence/master/config/treasure2/structures/treasure2/subterranean/iron-chamber2.nbt,client
/config/treasure2/structures/treasure2/subterranean/mine1.nbt,1,https://raw.githubusercontent.com/Dalethium/Convergence/master/config/treasure2/structures/treasure2/subterranean/mine1.nbt,client
/config/treasure2/structures/treasure2/subterranean/obsidian-chamber1.nbt,1,https://raw.githubusercontent.com/Dalethium/Convergence/master/config/treasure2/structures/treasure2/subterranean/obsidian-chamber1.nbt,client
/config/treasure2/structures/treasure2/subterranean/pirate-chamber1.nbt,1,https://raw.githubusercontent.com/Dalethium/Convergence/master/config/treasure2/structures/treasure2/subterranean/pirate-chamber1.nbt,client
/config/treasure2/structures/treasure2/subterranean/wither-chamber1.nbt,1,https://raw.githubusercontent.com/Dalethium/Convergence/master/config/treasure2/structures/treasure2/subterranean/wither-chamber1.nbt,client
/config/treasure2/structures/treasure2/surface/blacksmith1.nbt,1,https://raw.githubusercontent.com/Dalethium/Convergence/master/config/treasure2/structures/treasure2/surface/blacksmith1.nbt,client
/config/treasure2/structures/treasure2/surface/church1.nbt,1,https://raw.githubusercontent.com/Dalethium/Convergence/master/config/treasure2/structures/treasure2/surface/church1.nbt,client
/config/treasure2/structures/treasure2/surface/crypt2.nbt,1,https://raw.githubusercontent.com/Dalethium/Convergence/master/config/treasure2/structures/treasure2/surface/crypt2.nbt,client
/config/treasure2/structures/treasure2/surface/crypt3.nbt,1,https://raw.githubusercontent.com/Dalethium/Convergence/master/config/treasure2/structures/treasure2/surface/crypt3.nbt,client
/config/treasure2/structures/treasure2/surface/desert-tower2.nbt,1,https://raw.githubusercontent.com/Dalethium/Convergence/master/config/treasure2/structures/treasure2/surface/desert-tower2.nbt,client
/config/treasure2/structures/treasure2/surface/fortress1.nbt,1,https://raw.githubusercontent.com/Dalethium/Convergence/master/config/treasure2/structures/treasure2/surface/fortress1.nbt,client
/config/treasure2/structures/treasure2/surface/house1.nbt,1,https://raw.githubusercontent.com/Dalethium/Convergence/master/config/treasure2/structures/treasure2/surface/house1.nbt,client
/config/treasure2/structures/treasure2/surface/large-tower1.nbt,1,https://raw.githubusercontent.com/Dalethium/Convergence/master/config/treasure2/structures/treasure2/surface/large-tower1.nbt,client
/config/treasure2/structures/treasure2/surface/tower1.nbt,1,https://raw.githubusercontent.com/Dalethium/Convergence/master/config/treasure2/structures/treasure2/surface/tower1.nbt,client
/config/treasure2/structures/treasure2/surface/tower2.nbt,1,https://raw.githubusercontent.com/Dalethium/Convergence/master/config/treasure2/structures/treasure2/surface/tower2.nbt,client
/config/treasure2/structures/treasure2/surface/tower3.nbt,1,https://raw.githubusercontent.com/Dalethium/Convergence/master/config/treasure2/structures/treasure2/surface/tower3.nbt,client
/config/treasure2/structures/treasure2/surface/tower4.nbt,1,https://raw.githubusercontent.com/Dalethium/Convergence/master/config/treasure2/structures/treasure2/surface/tower4.nbt,client
/config/treasure2/structures/treasure2/wells/canopy-wishing-well1.nbt,1,https://raw.githubusercontent.com/Dalethium/Convergence/master/config/treasure2/structures/treasure2/wells/canopy-wishing-well1.nbt,client
/config/treasure2/structures/treasure2/wells/desert-wishing-well1.nbt,1,https://raw.githubusercontent.com/Dalethium/Convergence/master/config/treasure2/structures/treasure2/wells/desert-wishing-well1.nbt,client
/config/treasure2/structures/treasure2/wells/desert-wishing-well2.nbt,1,https://raw.githubusercontent.com/Dalethium/Convergence/master/config/treasure2/structures/treasure2/wells/desert-wishing-well2.nbt,client
/config/treasure2/structures/treasure2/wells/simple-well1.nbt,1,https://raw.githubusercontent.com/Dalethium/Convergence/master/config/treasure2/structures/treasure2/wells/simple-well1.nbt,client
/config/treasure2/structures/treasure2/wells/wood-draw-wishing-well1.nbt,1,https://raw.githubusercontent.com/Dalethium/Convergence/master/config/treasure2/structures/treasure2/wells/wood-draw-wishing-well1.nbt,client
/config/treasure2/treasure2-c1.0.cfg,3,https://raw.githubusercontent.com/Dalethium/Convergence/master/config/treasure2/treasure2-c1.0.cfg,client
/config/tumbleweed.cfg,3,https://raw.githubusercontent.com/Dalethium/Convergence/master/config/tumbleweed.cfg,client
/config/twilightforest.cfg,3,https://raw.githubusercontent.com/Dalethium/Convergence/master/config/twilightforest.cfg,client
/config/undergroundbiomes.cfg,3,https://raw.githubusercontent.com/Dalethium/Convergence/master/config/undergroundbiomes.cfg,client
/config/undergroundbiomes/ores/actuallyadditions.json,2,https://raw.githubusercontent.com/Dalethium/Convergence/master/config/undergroundbiomes/ores/actuallyadditions.json,client
/config/undergroundbiomes/ores/aoa3.json,2,https://raw.githubusercontent.com/Dalethium/Convergence/master/config/undergroundbiomes/ores/aoa3.json,client
/config/undergroundbiomes/ores/appliedenergistics2.json,2,https://raw.githubusercontent.com/Dalethium/Convergence/master/config/undergroundbiomes/ores/appliedenergistics2.json,client
/config/undergroundbiomes/ores/aromasdimensionalworld.json,2,https://raw.githubusercontent.com/Dalethium/Convergence/master/config/undergroundbiomes/ores/aromasdimensionalworld.json,client
/config/undergroundbiomes/ores/astralsorcery.json,2,https://raw.githubusercontent.com/Dalethium/Convergence/master/config/undergroundbiomes/ores/astralsorcery.json,client
/config/undergroundbiomes/ores/basemetals.json,2,https://raw.githubusercontent.com/Dalethium/Convergence/master/config/undergroundbiomes/ores/basemetals.json,client
/config/undergroundbiomes/ores/baseminerals.json,2,https://raw.githubusercontent.com/Dalethium/Convergence/master/config/undergroundbiomes/ores/baseminerals.json,client
/config/undergroundbiomes/ores/betterunderground.json,2,https://raw.githubusercontent.com/Dalethium/Convergence/master/config/undergroundbiomes/ores/betterunderground.json,client
/config/undergroundbiomes/ores/biomesoplenty.json,2,https://raw.githubusercontent.com/Dalethium/Convergence/master/config/undergroundbiomes/ores/biomesoplenty.json,client
/config/undergroundbiomes/ores/bluepower.json,2,https://raw.githubusercontent.com/Dalethium/Convergence/master/config/undergroundbiomes/ores/bluepower.json,client
/config/undergroundbiomes/ores/byg.json,2,https://raw.githubusercontent.com/Dalethium/Convergence/master/config/undergroundbiomes/ores/byg.json,client
/config/undergroundbiomes/ores/candyworld.json,2,https://raw.githubusercontent.com/Dalethium/Convergence/master/config/undergroundbiomes/ores/candyworld.json,client
/config/undergroundbiomes/ores/communitymod.json,2,https://raw.githubusercontent.com/Dalethium/Convergence/master/config/undergroundbiomes/ores/communitymod.json,client
/config/undergroundbiomes/ores/curio.json,2,https://raw.githubusercontent.com/Dalethium/Convergence/master/config/undergroundbiomes/ores/curio.json,client
/config/undergroundbiomes/ores/customideas.json,2,https://raw.githubusercontent.com/Dalethium/Convergence/master/config/undergroundbiomes/ores/customideas.json,client
/config/undergroundbiomes/ores/dartcraftreloaded.json,2,https://raw.githubusercontent.com/Dalethium/Convergence/master/config/undergroundbiomes/ores/dartcraftreloaded.json,client
/config/undergroundbiomes/ores/densemetals.json,2,https://raw.githubusercontent.com/Dalethium/Convergence/master/config/undergroundbiomes/ores/densemetals.json,client
/config/undergroundbiomes/ores/draconicevolution.json,2,https://raw.githubusercontent.com/Dalethium/Convergence/master/config/undergroundbiomes/ores/draconicevolution.json,client
/config/undergroundbiomes/ores/enderore.json,2,https://raw.githubusercontent.com/Dalethium/Convergence/master/config/undergroundbiomes/ores/enderore.json,client
/config/undergroundbiomes/ores/extremereactors.json,2,https://raw.githubusercontent.com/Dalethium/Convergence/master/config/undergroundbiomes/ores/extremereactors.json,client
/config/undergroundbiomes/ores/floricraft.json,2,https://raw.githubusercontent.com/Dalethium/Convergence/master/config/undergroundbiomes/ores/floricraft.json,client
/config/undergroundbiomes/ores/forestry.json,2,https://raw.githubusercontent.com/Dalethium/Convergence/master/config/undergroundbiomes/ores/forestry.json,client
/config/undergroundbiomes/ores/geolosys.json,2,https://raw.githubusercontent.com/Dalethium/Convergence/master/config/undergroundbiomes/ores/geolosys.json,client
/config/undergroundbiomes/ores/grimpack.json,2,https://raw.githubusercontent.com/Dalethium/Convergence/master/config/undergroundbiomes/ores/grimpack.json,client
/config/undergroundbiomes/ores/growthcraft.json,2,https://raw.githubusercontent.com/Dalethium/Convergence/master/config/undergroundbiomes/ores/growthcraft.json,client
/config/undergroundbiomes/ores/ic2classic.json,2,https://raw.githubusercontent.com/Dalethium/Convergence/master/config/undergroundbiomes/ores/ic2classic.json,client
/config/undergroundbiomes/ores/immersiveengineering.json,2,https://raw.githubusercontent.com/Dalethium/Convergence/master/config/undergroundbiomes/ores/immersiveengineering.json,client
/config/undergroundbiomes/ores/industrialcraft.json,2,https://raw.githubusercontent.com/Dalethium/Convergence/master/config/undergroundbiomes/ores/industrialcraft.json,client
/config/undergroundbiomes/ores/matteroverdrivelegacy.json,2,https://raw.githubusercontent.com/Dalethium/Convergence/master/config/undergroundbiomes/ores/matteroverdrivelegacy.json,client
/config/undergroundbiomes/ores/mekanism.json,2,https://raw.githubusercontent.com/Dalethium/Convergence/master/config/undergroundbiomes/ores/mekanism.json,client
/config/undergroundbiomes/ores/metallurgy4.json,2,https://raw.githubusercontent.com/Dalethium/Convergence/master/config/undergroundbiomes/ores/metallurgy4.json,client
/config/undergroundbiomes/ores/minecraft.json,2,https://raw.githubusercontent.com/Dalethium/Convergence/master/config/undergroundbiomes/ores/minecraft.json,client
/config/undergroundbiomes/ores/modernmetals.json,2,https://raw.githubusercontent.com/Dalethium/Convergence/master/config/undergroundbiomes/ores/modernmetals.json,client
/config/undergroundbiomes/ores/moglowstone.json,2,https://raw.githubusercontent.com/Dalethium/Convergence/master/config/undergroundbiomes/ores/moglowstone.json,client
/config/undergroundbiomes/ores/mubble.json,2,https://raw.githubusercontent.com/Dalethium/Convergence/master/config/undergroundbiomes/ores/mubble.json,client
/config/undergroundbiomes/ores/mysticalagriculture.json,2,https://raw.githubusercontent.com/Dalethium/Convergence/master/config/undergroundbiomes/ores/mysticalagriculture.json,client
/config/undergroundbiomes/ores/mysticalworld.json,2,https://raw.githubusercontent.com/Dalethium/Convergence/master/config/undergroundbiomes/ores/mysticalworld.json,client
/config/undergroundbiomes/ores/nuclearcraft.json,2,https://raw.githubusercontent.com/Dalethium/Convergence/master/config/undergroundbiomes/ores/nuclearcraft.json,client
/config/undergroundbiomes/ores/poormetals.json,2,https://raw.githubusercontent.com/Dalethium/Convergence/master/config/undergroundbiomes/ores/poormetals.json,client
/config/undergroundbiomes/ores/projectred.json,2,https://raw.githubusercontent.com/Dalethium/Convergence/master/config/undergroundbiomes/ores/projectred.json,client
/config/undergroundbiomes/ores/pyrotech.json,2,https://raw.githubusercontent.com/Dalethium/Convergence/master/config/undergroundbiomes/ores/pyrotech.json,client
/config/undergroundbiomes/ores/rftools.json,2,https://raw.githubusercontent.com/Dalethium/Convergence/master/config/undergroundbiomes/ores/rftools.json,client
/config/undergroundbiomes/ores/scalinghealth.json,2,https://raw.githubusercontent.com/Dalethium/Convergence/master/config/undergroundbiomes/ores/scalinghealth.json,client
/config/undergroundbiomes/ores/starwars.json,2,https://raw.githubusercontent.com/Dalethium/Convergence/master/config/undergroundbiomes/ores/starwars.json,client
/config/undergroundbiomes/ores/taiga.json,2,https://raw.githubusercontent.com/Dalethium/Convergence/master/config/undergroundbiomes/ores/taiga.json,client
/config/undergroundbiomes/ores/techreborn.json,2,https://raw.githubusercontent.com/Dalethium/Convergence/master/config/undergroundbiomes/ores/techreborn.json,client
/config/undergroundbiomes/ores/thaumcraft.json,2,https://raw.githubusercontent.com/Dalethium/Convergence/master/config/undergroundbiomes/ores/thaumcraft.json,client
/config/undergroundbiomes/ores/thermalfoundation.json,2,https://raw.githubusercontent.com/Dalethium/Convergence/master/config/undergroundbiomes/ores/thermalfoundation.json,client
/config/undergroundbiomes/ores/treasure2.json,2,https://raw.githubusercontent.com/Dalethium/Convergence/master/config/undergroundbiomes/ores/treasure2.json,client
/config/undergroundbiomes/ores/wildnature.json,2,https://raw.githubusercontent.com/Dalethium/Convergence/master/config/undergroundbiomes/ores/wildnature.json,client
/config/undergroundbiomes/ores/worldsretold.json,2,https://raw.githubusercontent.com/Dalethium/Convergence/master/config/undergroundbiomes/ores/worldsretold.json,client
/config/unforgivingvoid.cfg,3,https://raw.githubusercontent.com/Dalethium/Convergence/master/config/unforgivingvoid.cfg,client
/config/unloader.cfg,2,https://raw.githubusercontent.com/Dalethium/Convergence/master/config/unloader.cfg,client
/config/vanillafix.cfg,3,https://raw.githubusercontent.com/Dalethium/Convergence/master/config/vanillafix.cfg,client
/config/vanillafix/config_version,1,https://raw.githubusercontent.com/Dalethium/Convergence/master/config/vanillafix/config_version,client
/config/vanillafix/methods-stable_39.csv,2,https://raw.githubusercontent.com/Dalethium/Convergence/master/config/vanillafix/methods-stable_39.csv,client
/config/vbe.cfg,3,https://raw.githubusercontent.com/Dalethium/Convergence/master/config/vbe.cfg,client
/config/vtt.cfg,2,https://raw.githubusercontent.com/Dalethium/Convergence/master/config/vtt.cfg,client
/config/vtt/trade_tables/armorer.json,2,https://raw.githubusercontent.com/Dalethium/Convergence/master/config/vtt/trade_tables/armorer.json,client
/config/vtt/trade_tables/butcher.json,2,https://raw.githubusercontent.com/Dalethium/Convergence/master/config/vtt/trade_tables/butcher.json,client
/config/vtt/trade_tables/farmer.json,2,https://raw.githubusercontent.com/Dalethium/Convergence/master/config/vtt/trade_tables/farmer.json,client
/config/vtt/trade_tables/fisherman.json,2,https://raw.githubusercontent.com/Dalethium/Convergence/master/config/vtt/trade_tables/fisherman.json,client
/config/vtt/trade_tables/fletcher.json,2,https://raw.githubusercontent.com/Dalethium/Convergence/master/config/vtt/trade_tables/fletcher.json,client
/config/vtt/trade_tables/leatherworker.json,2,https://raw.githubusercontent.com/Dalethium/Convergence/master/config/vtt/trade_tables/leatherworker.json,client
/config/vtt/trade_tables/necromancer.json,2,https://raw.githubusercontent.com/Dalethium/Convergence/master/config/vtt/trade_tables/necromancer.json,client
/config/vtt/trade_tables/nitwit.json,2,https://raw.githubusercontent.com/Dalethium/Convergence/master/config/vtt/trade_tables/nitwit.json,client
/config/vtt/trade_tables/shepherd.json,2,https://raw.githubusercontent.com/Dalethium/Convergence/master/config/vtt/trade_tables/shepherd.json,client
/config/vtt/trade_tables/toolsmith.json,2,https://raw.githubusercontent.com/Dalethium/Convergence/master/config/vtt/trade_tables/toolsmith.json,client
/config/vtt/villagers/brewer.json,2,https://raw.githubusercontent.com/Dalethium/Convergence/master/config/vtt/villagers/brewer.json,client
/config/vtt/villagers/priest.json,2,https://raw.githubusercontent.com/Dalethium/Convergence/master/config/vtt/villagers/priest.json,client
/config/vtt/villagers/redstoner.json,2,https://raw.githubusercontent.com/Dalethium/Convergence/master/config/vtt/villagers/redstoner.json,client
/config/vtt/villagers/tinkerer.json,2,https://raw.githubusercontent.com/Dalethium/Convergence/master/config/vtt/villagers/tinkerer.json,client
/config/vtweaks.cfg,3,https://raw.githubusercontent.com/Dalethium/Convergence/master/config/vtweaks.cfg,client
/config/waila/theme/dark.json,1,https://raw.githubusercontent.com/Dalethium/Convergence/master/config/waila/theme/dark.json,client
/config/waila/theme/vanilla.json,1,https://raw.githubusercontent.com/Dalethium/Convergence/master/config/waila/theme/vanilla.json,client
/config/waila/waila.cfg,4,https://raw.githubusercontent.com/Dalethium/Convergence/master/config/waila/waila.cfg,client
/config/wailaharvestability.cfg,2,https://raw.githubusercontent.com/Dalethium/Convergence/master/config/wailaharvestability.cfg,client
/config/waitingtimestats.json,7,https://raw.githubusercontent.com/Dalethium/Convergence/master/config/waitingtimestats.json,client
/config/wawla.cfg,2,https://raw.githubusercontent.com/Dalethium/Convergence/master/config/wawla.cfg,client
/config/worldedit/worldedit.properties,5,https://raw.githubusercontent.com/Dalethium/Convergence/master/config/worldedit/worldedit.properties,client
/config/worldgeneration_profiler.cfg,3,https://raw.githubusercontent.com/Dalethium/Convergence/master/config/worldgeneration_profiler.cfg,client
/config/worldjointext/configGeneral.cfg,3,https://raw.githubusercontent.com/Dalethium/Convergence/master/config/worldjointext/configGeneral.cfg,client
/config/worldjointext/configLang.cfg,3,https://raw.githubusercontent.com/Dalethium/Convergence/master/config/worldjointext/configLang.cfg,client
/config/worldtooltips.cfg,3,https://raw.githubusercontent.com/Dalethium/Convergence/master/config/worldtooltips.cfg,client
/config/wumpleutil.cfg,3,https://raw.githubusercontent.com/Dalethium/Convergence/master/config/wumpleutil.cfg,client
/config/xpfromharvest.cfg,3,https://raw.githubusercontent.com/Dalethium/Convergence/master/config/xpfromharvest.cfg,client
/config/xreliquary.cfg,3,https://raw.githubusercontent.com/Dalethium/Convergence/master/config/xreliquary.cfg,client
/resourcepacks/Faithful32_MC1.12.2_v1.0.5.zip,1,https://raw.githubusercontent.com/Dalethium/Convergence/master/resourcepacks/Faithful32_MC1.12.2_v1.0.5.zip,client
/resourcepacks/ctp_1.2_MCv3.zip,1,https://raw.githubusercontent.com/Dalethium/Convergence/master/resourcepacks/ctp_1.2_MCv3.zip,client
/resourcepacks/Faithful 1.12.2-rv4.zip,1,https://raw.githubusercontent.com/Dalethium/Convergence/master/resourcepacks/Faithful%201.12.2-rv4.zip,client
/resourcepacks/ModdedFaithful 1.12.2-rv1.zip,1,https://raw.githubusercontent.com/Dalethium/Convergence/master/resourcepacks/ModdedFaithful%201.12.2-rv1.zip,client
/emojicord/dictionary/SFTAS.json,1,https://raw.githubusercontent.com/Dalethium/Convergence/master/emojicord/dictionary/SFTAS.json,client
/options.txt,3,https://raw.githubusercontent.com/Dalethium/Convergence/master/options.txt,client
/optionsof.txt,7,https://raw.githubusercontent.com/Dalethium/Convergence/master/optionsof.txt,client
/optionsshaders.txt,6,https://raw.githubusercontent.com/Dalethium/Convergence/master/optionsshaders.txt,client
/marytts/marytts-runtime-5.2-jar-for-computronics.jar,1,https://raw.githubusercontent.com/Dalethium/Convergence/master/marytts/marytts-runtime-5.2-jar-for-computronics.jar,client
/marytts/marytts-lang-en-5.2.jar,1,https://raw.githubusercontent.com/Dalethium/Convergence/master/marytts/marytts-lang-en-5.2.jar,client
/marytts/voice-cmu-slt-hsmm-5.2.jar,1,https://raw.githubusercontent.com/Dalethium/Convergence/master/marytts/voice-cmu-slt-hsmm-5.2.jar,client